IDENCR;Trato - FECHA DE LA RECETA;Trato - ABONO;Trato - Cantidad de producto;Trato - Cantidad de producto;Trato - CUOTAS;Trato - MEDIO DE PAGO;Trato - Fecha de ganado;Trato - NUMERO DE BOLETA;Trato - Moneda;Trato - Trato creado;Trato - Trato cerrado el;Trato - Fecha de perdido;Persona - Persona creada;Trato - Valor;Trato - TIPO DE LENTE;Nacimiento;Domicilio;Edad
A100265177;;266000;9;469500;3;DESCUENTO POR PLANILLA FENATS;2022-08-29 08:55:04;;CLP;2022-08-02 10:32:10;2022-08-29 08:55:04;;2022-07-07 14:05:35;469.500,00 CLP;;25-04-1979;Cerrillos;43
A100773512;2022-10-12;446000;8;446000;;DEBITO/CREDITO;2022-10-26 12:58:28;555;CLP;2022-10-12 15:58:10;2022-10-26 12:58:28;;2022-10-12 15:58:10;446.000,00 CLP;LEJOS Y CERCA;13-05-1982;Maipu;40
A99936876;2022-08-29;;2;387000;6;DESCUENTO POR PLANILLA FENATS;;;CLP;2022-08-29 13:16:00;;;2021-12-07 12:15:18;387.000,00 CLP;;22-02-1974;Pedro Aguirre Cerda;48
A99572448;2022-08-04;;2;333000;6;DESCUENTO POR PLANILLA FENATS;2022-08-29 08:56:28;481;CLP;2022-08-04 09:41:39;2022-08-29 08:56:28;;2022-08-04 09:41:39;333.000,00 CLP;;10-02-1970;El Bosque;52
A98665118;2022-09-10;;2;330000;;;;;CLP;2022-09-10 16:44:58;2022-11-26 11:25:31;2022-11-26 11:25:31;2022-09-10 16:44:58;330.000,00 CLP;;25-01-1962;Concepción;60
#VALUE!;2022-08-29;;4;279000;6;DESCUENTO POR PLANILLA FENATS;2022-10-08 11:58:24;539;CLP;2022-08-29 12:58:26;2022-10-08 11:58:24;;;279.000,00 CLP;;;;
A101349962;2022-11-05;270000;2;270000;;DEBITO/CREDITO;2022-11-26 11:13:27;585;CLP;2022-11-05 16:49:05;2022-11-26 11:13:27;;2022-11-05 16:49:04;270.000,00 CLP;PROGRESIVO;10-06-1974;Santiago;48
A101961971;;;3;260000;;;2022-01-03 13:15:54;;CLP;2021-12-22 11:05:19;2022-01-03 13:15:54;;2021-12-22 11:05:18;260.000,00 CLP;;25-05-1999;Maipu;23
A98893305;;123300;6;246600;4;DESCUENTO POR PLANILLA FENATS;2022-07-14 13:37:54;410;CLP;2022-07-04 12:52:20;2022-07-14 13:37:54;;2022-07-04 12:52:19;246.600,00 CLP;;29-01-1964;La Florida;58
A99041279;2022-11-05;120000;4;245000;;DEBITO/CREDITO;2022-11-26 11:12:16;582;CLP;2022-11-05 16:04:08;2022-11-26 11:12:16;;2022-11-05 16:04:08;245.000,00 CLP;PROGRESIVO;13-09-1965;El Bosque;57
A99305945;2022-10-12;117000;2;234000;;DEBITO/CREDITO;2022-10-26 12:58:38;;CLP;2022-10-12 13:24:22;2022-10-26 12:58:38;;2022-10-12 13:24:22;234.000,00 CLP;PROGRESIVO;27-12-1972;San Miguel;50
A99785873;;;2;229000;6;DESCUENTO POR PLANILLA FENATS;2022-07-21 11:38:45;435;CLP;2022-07-08 10:54:52;2022-07-21 11:38:45;;2022-07-08 10:54:51;229.000,00 CLP;;06-08-1972;Estacion Central;50
A97811216;2022-07-05;112500;2;225000;;;2022-08-08 17:58:32;440;CLP;2022-07-05 11:30:25;2022-08-08 17:58:32;;2022-07-04 00:19:07;225.000,00 CLP;;01-02-1959;Peñaflor;63
A98890602;;;2;225000;6;DESCUENTO POR PLANILLA FENATS;2022-08-29 08:56:07;483;CLP;2022-08-03 10:34:28;2022-08-29 08:56:07;;2022-08-03 10:34:28;225.000,00 CLP;;25-05-1963;Pudahuel;59
A99149752;2022-08-12;;2;221000;6;DESCUENTO POR PLANILLA FENATS;2022-10-08 11:58:46;536;CLP;2022-08-30 13:00:05;2022-10-08 11:58:46;;2021-08-03 21:33:54;221.000,00 CLP;;23-12-1964;La Granja;58
A99627940;;;2;220000;;;2021-12-22 12:29:00;;CLP;2021-12-22 10:02:49;2021-12-22 12:29:00;;2021-12-22 10:02:48;220.000,00 CLP;;23-02-1971;La Florida;51
A98186485;2022-10-08;219000;2;219000;;DEBITO/CREDITO;2022-10-29 14:43:02;559;CLP;2022-10-08 14:01:15;2022-10-29 14:43:02;;2022-10-08 14:01:14;219.000,00 CLP;PROGRESIVO;28-06-1965;Quinta Normal;57
A99786817;2022-07-26;;2;216000;6;DESCUENTO POR PLANILLA FENATS;2022-08-29 08:55:41;480;CLP;2022-08-03 10:17:32;2022-08-29 08:55:41;;2022-08-03 10:17:32;216.000,00 CLP;;24-05-1972;Lo Prado;50
A99197334;2022-07-05;;2;210000;6;DESCUENTO POR PLANILLA FENATS;2022-12-12 14:13:22;438;CLP;2022-07-06 11:27:00;2022-12-12 14:13:22;;2022-07-06 11:26:59;210.000,00 CLP;;17-07-1966;Pudahuel;56
A99756655;2022-07-05;;4;209500;6;DESCUENTO POR PLANILLA FENATS;2022-07-14 13:21:14;415;CLP;2022-07-06 11:57:39;2022-07-14 13:21:14;;2022-07-06 11:57:10;209.500,00 CLP;;08-11-1972;La Florida;50
A98829607;2022-10-26;50000;2;202500;;DEBITO/CREDITO;2022-11-26 11:13:19;584;CLP;2022-10-26 13:40:44;2022-11-26 11:13:19;;2022-10-26 13:40:43;202.500,00 CLP;PROGRESIVO;12-10-1964;El Bosque;58
A98871002;2022-08-01;;2;199000;6;DESCUENTO POR PLANILLA FENATS;2022-08-19 13:38:39;484;CLP;2022-08-01 12:31:43;2022-08-19 13:38:39;;2022-08-01 12:31:42;199.000,00 CLP;;02-03-1963;Puente Alto;59
A99236239;2022-07-04;95625;6;191250;3;DESCUENTO POR PLANILLA FENATS;2022-07-14 12:09:17;426;CLP;2022-07-04 16:49:34;2022-07-14 12:09:17;;2022-07-04 09:38:15;191.250,00 CLP;;27-09-1966;Recoleta;56
A99786196;2022-07-06;;2;180000;6;DESCUENTO POR PLANILLA FENATS;2022-08-02 13:21:11;436;CLP;2022-07-06 16:52:53;2022-08-02 13:21:11;;2022-07-06 16:52:53;180.000,00 CLP;;19-10-1972;El Bosque;50
#VALUE!;;176000;4;176000;;;;;CLP;2023-02-02 13:08:33;;;2023-02-02 13:08:33;176.000,00 CLP;LEJOS;;;
A101586793;;;6;171000;6;DESCUENTO POR PLANILLA FENATS;2022-07-14 12:49:18;430;CLP;2022-07-08 09:42:03;2022-07-14 12:49:18;;2022-07-06 08:55:39;171.000,00 CLP;;15-07-1993;La Pintana;29
A100153926;2022-08-04;;2;171000;6;DESCUENTO POR PLANILLA FENATS;2022-08-29 08:57:27;482;CLP;2022-08-04 16:12:27;2022-08-29 08:57:27;;2022-08-04 16:12:26;171.000,00 CLP;;01-01-1976;Puente Alto;46
A99999972;;;4;170000;5;DESCUENTO POR PLANILLA FENATS;2022-07-21 13:40:31;437;CLP;2022-07-04 13:40:28;2022-07-21 13:40:31;;2021-08-31 09:52:18;170.000,00 CLP;;17-04-1975;Renca;47
A97795223;2022-11-05;170000;4;170000;;DEBITO/CREDITO;2022-11-26 11:25:52;581;CLP;2022-11-05 18:54:30;2022-11-26 11:25:52;;2022-11-05 18:54:30;170.000,00 CLP;LEJOS Y CERCA;24-08-1955;La Cisterna;67
A98778285;2022-01-14;165750;8;165750;;DEBITO/CREDITO;2023-01-20 19:12:52;592;CLP;2023-01-14 12:05:08;2023-01-20 19:12:52;;2023-01-14 12:05:07;165.750,00 CLP;LEJOS Y CERCA;18-06-1968;Talagante;54
A100519707;;;3;165000;6;DESCUENTO POR PLANILLA FENATS;2022-08-29 16:10:07;;CLP;2022-08-02 16:52:03;2022-08-29 16:10:07;;2022-08-02 16:52:03;165.000,00 CLP;;16-11-1974;San Miguel;48
A100511318;2022-10-12;165000;2;165000;;;2022-10-26 12:58:24;552;CLP;2022-10-12 15:19:56;2022-10-26 12:58:24;;2022-10-12 15:19:56;165.000,00 CLP;CERCA;15-02-1974;Maipu;48
A100947261;;;2;162000;;;2023-02-01 13:15:12;;CLP;2022-10-03 17:23:08;2023-02-01 13:15:12;;2022-10-03 17:23:07;162.000,00 CLP;;24-06-1985;Maipu;37
A100800725;;;2;160000;5;DESCUENTO POR PLANILLA FENATS;2022-07-21 12:20:19;416;CLP;2022-07-08 10:22:43;2022-07-21 12:20:19;;2022-07-07 11:17:24;160.000,00 CLP;;23-12-1982;Cerro Navia;40
A98812613;;;4;160000;;;2022-08-12 13:29:12;;CLP;2022-08-05 10:11:11;2022-08-12 13:29:12;;2021-08-03 21:33:47;160.000,00 CLP;;30-08-1963;Isla de Maipo;59
A99936355;2022-08-29;152000;4;152000;;;2022-09-08 14:13:54;515;CLP;2022-08-29 15:52:00;2022-09-08 14:13:54;;2022-08-29 15:51:59;152.000,00 CLP;;27-01-1974;Santiago;48
A102028748;;;2;150000;;;2022-01-03 13:14:51;;CLP;2021-12-22 11:46:05;2022-01-03 13:14:51;;2021-12-22 11:46:05;150.000,00 CLP;;27-09-2000;;22
A100346339;;;2;150000;;;2022-01-03 13:13:22;;CLP;2021-12-22 11:47:34;2022-01-03 13:13:22;;2021-12-22 11:47:33;150.000,00 CLP;;27-04-1980;San Bernardo;42
A99056999;2022-05-13;;4;144000;6;DESCUENTO POR PLANILLA FENATS;2022-07-21 11:54:50;423;CLP;2022-07-08 13:48:44;2022-07-21 11:54:50;;2022-07-08 13:48:44;144.000,00 CLP;;17-05-1965;La Granja;57
A99644110;2022-09-02;70000;7;141400;3;DESCUENTO POR PLANILLA FENATS;2022-09-08 14:04:03;497;CLP;2022-09-02 13:08:46;2022-09-08 14:04:03;;2022-09-02 13:08:45;141.400,00 CLP;;16-06-1971;Conchali;51
A98428086;;;2;140000;;;2022-01-18 16:32:12;;CLP;2021-12-17 10:56:51;2022-01-18 16:32:12;;2021-12-17 10:56:51;140.000,00 CLP;;19-10-1960;Puente Alto;62
A102654532;2022-09-10;140000;2;140000;;;2022-09-14 21:38:20;530;CLP;2022-09-10 16:51:13;2022-09-14 21:38:20;;2022-09-10 16:51:13;140.000,00 CLP;;08-08-2011;;
A102381538;2022-10-12;140000;3;140000;;DEBITO/CREDITO;2022-10-26 12:58:12;554;CLP;2022-10-12 13:42:14;2022-10-26 12:58:12;;2022-10-12 13:42:14;140.000,00 CLP;CERCA;05-12-1978;Peñaflor;44
A101697965;2022-05-25;;3;139000;3;DESCUENTO POR PLANILLA FENATS;2022-07-13 12:56:49;405;CLP;2022-07-03 23:31:15;2022-07-13 12:56:49;;2022-07-03 23:31:14;139.000,00 CLP;;25-06-1995;Puente Alto;27
A100052441;;;3;139000;6;DESCUENTO POR PLANILLA FENATS;2022-07-21 12:08:51;427;CLP;2022-07-08 13:23:45;2022-07-21 12:08:51;;2021-08-31 11:04:38;139.000,00 CLP;;09-02-1976;Maipu;46
A100423914;;;4;139000;6;DESCUENTO POR PLANILLA FENATS;2022-08-11 16:26:32;460;CLP;2022-08-01 12:01:20;2022-08-11 16:26:32;;2022-08-01 12:01:19;139.000,00 CLP;;22-05-1981;Lo Espejo;41
A100985652;2022-08-01;;7;138000;6;DESCUENTO POR PLANILLA FENATS;2022-08-29 08:53:31;468;CLP;2022-08-01 09:28:14;2022-08-29 08:53:31;;2022-08-01 09:28:13;138.000,00 CLP;;27-01-1986;Santiago;36
A101422798;2022-12-03;60000;4;138000;;DEBITO/CREDITO;2022-12-12 14:19:14;588;CLP;2022-12-03 11:55:57;2022-12-12 14:19:14;;2022-12-03 11:55:57;138.000,00 CLP;LEJOS;20-04-1991;Talagante;31
A101107752;2022-07-27;105000;4;135100;;;2022-08-29 08:58:03;;CLP;2022-08-02 15:34:14;2022-08-29 08:58:03;;2022-08-02 15:34:14;135.100,00 CLP;;19-05-1988;Macul;34
A100802231;;;4;135000;4;DESCUENTO POR PLANILLA FENATS;2022-07-21 12:17:46;432;CLP;2022-07-06 16:08:20;2022-07-21 12:17:46;;2022-07-06 10:47:48;135.000,00 CLP;;24-02-1982;Renca;40
A100424366;;135000;2;135000;;;2022-08-12 13:35:38;447;CLP;2022-08-05 13:50:52;2022-08-12 13:35:38;;2022-08-05 13:50:51;135.000,00 CLP;;14-12-1980;Santiago;42
A99568856;;45000;2;135000;2;DESCUENTO POR PLANILLA FENATS;2022-09-21 12:30:33;;CLP;2022-08-29 12:28:41;2022-09-21 12:30:33;;2022-08-02 13:13:00;135.000,00 CLP;;28-07-1970;Peñalolen;52
A99999796;2022-07-05;;4;134500;6;DESCUENTO POR PLANILLA FENATS;2022-07-13 13:04:09;400;CLP;2022-07-05 10:47:38;2022-07-13 13:04:09;;2022-07-04 10:16:29;134.500,00 CLP;;11-03-1975;Recoleta;47
A100272677;;;2;134000;6;DESCUENTO POR PLANILLA FENATS;2022-08-02 15:28:09;;CLP;2022-07-08 10:33:53;2022-08-02 15:28:09;;2022-07-08 10:33:53;134.000,00 CLP;;09-06-1979;Lo Espejo;43
A97616115;2022-10-14;80000;2;133000;;DEBITO/CREDITO;2023-01-11 17:49:18;;CLP;2022-10-14 16:25:11;2023-01-11 17:49:18;;2022-10-14 16:25:10;133.000,00 CLP;BIFOCAL;20-10-1956;Vicuña - La Serena;66
A100760666;2022-10-08;103200;4;130200;;DEBITO/CREDITO;;;CLP;2022-10-08 14:40:30;;;2022-10-08 14:40:29;130.200,00 CLP;LEJOS;11-02-1984;La Pintana;38
A99215339;;;2;130000;;;2021-12-22 12:22:15;;CLP;2021-12-22 09:37:33;2021-12-22 12:22:15;;2021-12-22 09:37:33;130.000,00 CLP;;26-05-1968;La Cisterna;54
#VALUE!;;;2;130000;;;2022-01-03 13:44:03;;CLP;2021-12-22 10:23:42;2022-01-03 13:44:03;;2021-12-22 10:23:36;130.000,00 CLP;;;;
A101257002;16351349-8;;2;130000;;;2022-01-12 11:56:23;;CLP;2021-12-22 10:41:45;2022-01-12 11:56:23;;2021-12-22 10:36:25;130.000,00 CLP;;14-08-1989;Puente Alto;33
A96563796;2022-12-03;130000;2;130000;;DEBITO/CREDITO;2023-01-14 11:19:28;;CLP;2022-12-03 14:22:21;2023-01-14 11:19:28;;2022-12-03 14:22:20;130.000,00 CLP;PROGRESIVO;29-01-1950;Talagante;72
A101927233;2022-12-03;40000;2;130000;;DEBITO/CREDITO;2022-12-12 14:17:36;;CLP;2022-12-03 16:17:07;2022-12-12 14:17:36;;2022-12-03 16:17:07;130.000,00 CLP;LEJOS;27-02-1999;Talagante;23
A97632675;2023-01-14;130000;2;130000;;DEBITO/CREDITO;2023-01-20 19:06:26;603;CLP;2023-01-14 13:12:48;2023-01-20 19:06:26;;2023-01-14 13:12:48;130.000,00 CLP;BIFOCAL;29-04-1953;Talagante;69
A99177824;2022-07-07;;4;129500;6;DESCUENTO POR PLANILLA FENATS;2022-07-14 13:39:57;407;CLP;2022-07-07 13:52:27;2022-07-14 13:39:57;;2022-07-07 13:52:27;129.500,00 CLP;;24-09-1969;San Miguel;53
A101682107;2022-08-01;;3;129000;6;DESCUENTO POR PLANILLA FENATS;2022-08-11 14:01:30;458;CLP;2022-08-02 10:58:13;2022-08-11 14:01:30;;2022-08-02 10:58:13;129.000,00 CLP;;12-05-1995;La Florida;27
A99868652;2022-09-10;125000;4;125000;;;2022-09-14 21:21:56;524;CLP;2022-09-10 13:36:59;2022-09-14 21:21:56;;2022-09-10 13:36:59;125.000,00 CLP;;13-02-1973;Peñaflor;49
A101505108;2023-01-14;125000;3;125000;;DEBITO/CREDITO;2023-01-20 19:37:41;599;CLP;2023-01-14 12:32:27;2023-01-20 19:37:41;;2023-01-14 12:32:27;125.000,00 CLP;LEJOS;06-03-1993;Talagante;29
A99179680;2022-07-07;;3;123000;3;DESCUENTO POR PLANILLA FENATS;2022-07-14 11:32:01;411;CLP;2022-07-07 10:04:25;2022-07-14 11:32:01;;2022-07-04 09:50:06;123.000,00 CLP;;10-08-1966;Santiago;56
A102345147;;;2;120000;;;2021-12-22 13:06:01;;CLP;2021-12-17 10:52:31;2021-12-22 13:06:01;;2021-12-17 10:52:30;120.000,00 CLP;;28-07-1981;Peñalolen;41
A101313663;2022-07-05;;2;120000;6;DESCUENTO POR PLANILLA FENATS;2022-07-13 13:05:06;398;CLP;2022-07-05 11:06:33;2022-07-13 13:05:06;;2022-07-05 07:58:26;120.000,00 CLP;;04-02-1990;La Pintana;32
#VALUE!;2023-02-01;;2;120000;;;;;CLP;2023-02-02 12:50:19;;;2023-02-02 12:50:19;120.000,00 CLP;LEJOS;;;
A98639834;2022-08-03;;4;119000;5;DESCUENTO POR PLANILLA FENATS;2022-08-12 13:29:52;444;CLP;2022-08-03 15:47:23;2022-08-12 13:29:52;;2022-08-03 15:47:23;119.000,00 CLP;;11-01-1962;Puente Alto;60
A98652328;2022-10-29;119000;2;119000;;DEBITO/CREDITO;2022-11-08 18:16:13;569;CLP;2022-10-29 14:45:20;2022-11-08 18:16:13;;2022-10-29 14:45:19;119.000,00 CLP;BIFOCAL;30-07-1962;Ñuñoa;60
A99220876;2022-07-05;;4;118500;6;DESCUENTO POR PLANILLA FENATS;2022-08-01 16:07:59;431;CLP;2022-07-05 15:27:40;2022-08-01 16:07:59;;2022-07-05 15:27:39;118.500,00 CLP;;14-05-1967;La Pintana;55
A100000323;2022-11-05;118000;5;118000;;DEBITO/CREDITO;2022-11-11 15:43:11;577;CLP;2022-11-05 19:30:27;2022-11-11 15:43:11;;2022-11-05 19:30:26;118.000,00 CLP;LEJOS;06-07-1975;La Cisterna;47
A100062412;2022-09-01;58500;3;117000;3;DESCUENTO POR PLANILLA FENATS;2022-09-08 14:11:44;501;CLP;2022-09-01 13:54:34;2022-09-08 14:11:44;;2022-09-01 13:54:34;117.000,00 CLP;;11-12-1975;Pedro Aguirre Cerda;47
A100410758;2022-10-12;20000;2;115000;;TRANSFERENCIA;;;CLP;2022-10-12 12:34:57;2022-10-25 14:50:47;2022-10-25 14:50:47;2022-10-12 12:34:57;115.000,00 CLP;LEJOS;16-05-1981;Independencia;41
A100820139;;;2;115000;6;DESCUENTO POR PLANILLA FENATS;2022-08-11 14:15:22;455;CLP;2022-08-03 09:38:17;2022-08-11 14:15:22;;2022-08-03 09:38:17;115.000,00 CLP;;01-03-1984;San Miguel;38
A101670991;2022-10-12;115000;2;115000;;DEBITO/CREDITO;2022-10-26 12:58:17;553;CLP;2022-10-12 14:20:06;2022-10-26 12:58:17;;2022-10-12 14:20:06;115.000,00 CLP;LEJOS;04-12-1993;Maipu;29
A101539992;2023-01-14;115000;2;115000;;EFECTIVO;2023-01-20 19:26:52;596;CLP;2023-01-14 16:45:24;2023-01-20 19:26:52;;2023-01-14 16:45:23;115.000,00 CLP;LEJOS;28-05-1993;Talagante;29
A100411698;2022-07-08;;2;114000;6;DESCUENTO POR PLANILLA FENATS;2022-07-19 13:02:06;424;CLP;2022-07-08 11:46:43;2022-07-19 13:02:06;;2022-07-08 11:46:42;114.000,00 CLP;;09-10-1977;Puente Alto;45
A100423856;2022-07-08;;5;113000;6;DESCUENTO POR PLANILLA FENATS;2022-07-14 13:19:45;406;CLP;2022-07-08 13:37:57;2022-07-14 13:19:45;;2022-07-08 13:37:57;113.000,00 CLP;;;;
A99999755;2022-07-05;;4;112500;6;DESCUENTO POR PLANILLA FENATS;2022-07-14 12:16:21;390;CLP;2022-07-05 12:01:32;2022-07-14 12:16:21;;2022-07-05 12:01:31;112.500,00 CLP;;;;
A100803502;;;4;112500;6;DESCUENTO POR PLANILLA FENATS;2022-07-21 14:00:52;389;CLP;2022-07-06 09:09:54;2022-07-21 14:00:52;;2021-08-31 10:08:34;112.500,00 CLP;;;;
A98809556;2022-08-16;;5;112500;6;DESCUENTO POR PLANILLA FENATS;2022-09-08 14:08:19;505;CLP;2022-09-01 10:55:43;2022-09-08 14:08:19;;2022-09-01 10:55:42;112.500,00 CLP;;;;
A100272677;2022-08-03;;5;111600;6;DESCUENTO POR PLANILLA FENATS;2022-08-11 14:23:01;449;CLP;2022-08-04 10:39:04;2022-08-11 14:23:01;;2022-07-08 10:33:53;111.600,00 CLP;;;;
#VALUE!;;;2;110000;;;;;CLP;2021-12-17 10:59:17;2022-02-04 17:01:14;2022-02-04 17:01:14;2021-12-17 10:59:17;110.000,00 CLP;;;;
#VALUE!;;;2;110000;;;2021-12-22 12:30:31;;CLP;2021-12-22 10:18:51;2021-12-22 12:30:31;;2021-12-22 10:05:34;110.000,00 CLP;;;;
#VALUE!;;;2;110000;;;2022-01-03 13:10:52;;CLP;2021-12-27 12:10:31;2022-01-03 13:10:52;;2021-12-27 12:10:29;110.000,00 CLP;;;;
#VALUE!;;;2;110000;;;2022-01-03 12:54:01;;CLP;2021-12-27 13:19:49;2022-01-03 12:54:01;;2021-12-22 11:42:07;110.000,00 CLP;;;;
A101359319;;;2;110000;6;DESCUENTO POR PLANILLA FENATS;2022-08-12 13:46:06;464;CLP;2022-08-01 09:53:34;2022-08-12 13:46:06;;2022-08-01 09:53:33;110.000,00 CLP;;;;
A100057352;2022-08-02;;2;110000;6;DESCUENTO POR PLANILLA FENATS;2022-08-12 13:28:59;457;CLP;2022-08-02 12:19:29;2022-08-12 13:28:59;;2022-08-01 08:09:27;110.000,00 CLP;;;;
A98873945;;;2;110000;6;DESCUENTO POR PLANILLA FENATS;2022-08-11 15:13:17;465;CLP;2022-08-02 16:44:44;2022-08-11 15:13:17;;2022-08-02 16:44:43;110.000,00 CLP;;;;
A99568856;;;3;110000;6;DESCUENTO POR PLANILLA FENATS;2022-08-29 08:57:06;476;CLP;2022-08-03 16:09:42;2022-08-29 08:57:06;;2022-08-02 13:13:00;110.000,00 CLP;;;;
A100557529;;;2;110000;;;2022-12-12 14:13:33;542;CLP;2022-08-30 10:21:04;2022-12-12 14:13:33;;2022-08-01 16:13:25;110.000,00 CLP;;;;
A101272957;2022-08-29;;2;110000;6;DESCUENTO POR PLANILLA FENATS;2022-09-08 14:13:34;518;CLP;2022-08-30 11:10:29;2022-09-08 14:13:34;;2022-08-30 11:10:25;110.000,00 CLP;;;;
A101472649;2022-09-01;;2;110000;4;DESCUENTO POR PLANILLA FENATS;2022-09-08 14:12:50;512;CLP;2022-08-30 13:33:04;2022-09-08 14:12:50;;2022-08-30 13:33:03;110.000,00 CLP;;;;
A101746114;2022-09-01;;2;110000;6;DESCUENTO POR PLANILLA FENATS;2022-09-08 13:28:02;504;CLP;2022-09-01 11:36:14;2022-09-08 13:28:02;;2022-09-01 11:36:13;110.000,00 CLP;;;;
A99117044;2022-09-01;;2;110000;;;2022-09-08 13:12:39;522;CLP;2022-09-01 13:07:13;2022-09-08 13:12:39;;2021-12-22 10:34:20;110.000,00 CLP;;;;
A99811190;2022-09-01;;2;110000;6;DESCUENTO POR PLANILLA FENATS;2022-09-08 14:08:49;500;CLP;2022-09-01 15:34:01;2022-09-08 14:08:49;;2022-09-01 15:34:00;110.000,00 CLP;;;;
A101783960;;;1;110000;6;DESCUENTO POR PLANILLA FENATS;2022-09-08 13:31:53;495;CLP;2022-09-02 12:05:37;2022-09-08 13:31:53;;2022-09-02 12:05:36;110.000,00 CLP;;;;
A98884069;2022-12-03;30000;2;110000;;;2023-01-14 11:17:56;;CLP;2022-12-03 17:58:15;2023-01-14 11:17:56;;2022-12-03 17:58:15;110.000,00 CLP;BIFOCAL;;;
A100136589;2022-04-07;;2;109000;3;DESCUENTO POR PLANILLA FENATS;2022-07-14 13:37:09;388;CLP;2022-07-04 09:33:04;2022-07-14 13:37:09;;2022-07-04 00:16:17;109.000,00 CLP;;;;
A100766861;2022-07-05;;1;109000;;DESCUENTO POR PLANILLA FENATS;2022-09-08 13:58:01;493;CLP;2022-07-07 15:48:29;2022-09-08 13:58:01;;2022-07-07 15:48:29;109.000,00 CLP;;;;
A100765518;;26550;5;108100;3;DESCUENTO POR PLANILLA FENATS;2022-07-13 12:35:59;395;CLP;2022-07-05 09:34:08;2022-07-13 12:35:59;;2021-09-06 11:18:05;108.100,00 CLP;;;;
A101763977;2022-07-04;108000;2;108000;;;2022-09-13 14:13:34;394;CLP;2022-07-04 10:04:53;2022-09-13 14:13:34;;2022-07-04 08:57:48;108.000,00 CLP;;;;
A102258919;2022-07-04;;4;108000;3;DESCUENTO POR PLANILLA FENATS;2022-07-14 13:42:36;391;CLP;2022-07-04 12:17:29;2022-07-14 13:42:36;;2022-07-04 12:17:28;108.000,00 CLP;;;;
A100787544;2022-08-01;;5;108000;6;DESCUENTO POR PLANILLA FENATS;2022-08-11 15:32:17;469;CLP;2022-08-01 10:41:28;2022-08-11 15:32:17;;2022-08-01 10:41:27;108.000,00 CLP;;;;
A99562391;;108000;4;108000;;;2022-09-30 14:19:49;479;CLP;2022-08-03 12:04:16;2022-09-30 14:19:49;;2022-08-03 12:04:16;108.000,00 CLP;;;;
A97682530;;71000;2;107100;3;DESCUENTO POR PLANILLA FENATS;2022-07-20 13:53:54;;CLP;2022-07-08 12:15:08;2022-07-20 13:53:54;;2022-07-04 00:06:05;107.100,00 CLP;;;;
A97575491;;;4;107100;3;DESCUENTO POR PLANILLA FENATS;2022-08-12 14:03:10;451;CLP;2022-08-03 12:23:47;2022-08-12 14:03:10;;2022-08-03 12:23:47;107.100,00 CLP;;;;
A100344758;;;2;105000;;;2022-07-21 13:59:51;409;CLP;2022-07-07 12:30:31;2022-07-21 13:59:51;;2021-08-03 21:33:51;105.000,00 CLP;;;;
A98282968;2022-08-29;;2;105000;6;DESCUENTO POR PLANILLA FENATS;2022-10-08 11:57:47;537;CLP;2022-08-30 12:42:21;2022-10-08 11:57:47;;2021-08-30 08:58:49;105.000,00 CLP;;;;
A100472622;2022-12-03;40000;4;105000;;TRANSFERENCIA;2023-01-14 11:20:17;;CLP;2022-12-03 12:01:30;2023-01-14 11:20:17;;2022-12-03 12:01:29;105.000,00 CLP;LEJOS Y CERCA;;;
A99792038;2022-08-02;103500;2;103500;;;2022-08-29 08:55:21;485;CLP;2022-08-02 15:46:11;2022-08-29 08:55:21;;2022-08-02 15:46:09;103.500,00 CLP;;;;
#VALUE!;;;2;100000;;;2022-01-12 11:56:18;;CLP;2021-12-22 10:36:25;2022-01-12 11:56:18;;2021-12-22 10:36:25;100.000,00 CLP;;;;
#VALUE!;;;2;100000;;;2021-12-22 12:21:38;;CLP;2021-12-22 10:48:12;2021-12-22 12:21:38;;2021-12-22 10:48:10;100.000,00 CLP;;;;
#VALUE!;;;2;100000;;;2022-01-12 14:22:01;;CLP;2021-12-22 11:49:20;2022-01-12 14:22:01;;2021-12-22 11:49:20;100.000,00 CLP;;;;
A99934086;2022-07-06;100000;4;100000;;;2022-07-13 13:27:43;396;CLP;2022-07-06 11:14:41;2022-07-13 13:27:43;;2022-07-04 00:11:22;100.000,00 CLP;;;;
A100980671;2022-01-22;;2;100000;6;DESCUENTO POR PLANILLA FENATS;2022-08-18 14:58:17;477;CLP;2022-08-04 09:35:19;2022-08-18 14:58:17;;2021-12-27 13:13:39;100.000,00 CLP;;;;
A101191575;2022-10-08;100000;2;100000;;DEBITO/CREDITO;2022-10-19 19:50:21;547;CLP;2022-10-08 14:16:53;2022-10-19 19:50:21;;2022-10-08 14:16:52;100.000,00 CLP;;;;
#VALUE!;2023-01-25;35000;2;100000;;EFECTIVO;;;CLP;2023-01-25 14:49:53;;;2023-01-25 14:49:53;100.000,00 CLP;LEJOS;;;
A99780694;2022-07-05;;3;99000;6;DESCUENTO POR PLANILLA FENATS;2022-07-14 12:19:00;403;CLP;2022-07-05 12:56:05;2022-07-14 12:19:00;;2022-07-05 12:56:04;99.000,00 CLP;;;;
A100982138;2022-08-01;99000;2;99000;;;2022-08-29 08:54:49;486;CLP;2022-08-01 10:22:28;2022-08-29 08:54:49;;2022-08-01 10:22:27;99.000,00 CLP;;;;
A98925509;;;2;99000;1;DESCUENTO POR PLANILLA FENATS;2022-08-12 13:40:40;462;CLP;2022-08-01 11:36:44;2022-08-12 13:40:40;;2022-08-01 11:36:43;99.000,00 CLP;;;;
A100268395;2022-05-12;;2;99000;3;DESCUENTO POR PLANILLA FENATS;2022-08-12 14:07:05;459;CLP;2022-08-01 12:54:38;2022-08-12 14:07:05;;2022-08-01 12:54:38;99.000,00 CLP;;;;
A99844018;2022-08-01;;6;99000;;;2022-12-12 14:13:28;;CLP;2022-08-01 13:03:45;2022-12-12 14:13:28;;2021-09-01 11:49:39;99.000,00 CLP;;;;
A101417553;;;2;98100;6;DESCUENTO POR PLANILLA FENATS;2022-08-11 14:38:38;452;CLP;2022-08-03 11:44:38;2022-08-11 14:38:38;;2022-08-03 11:44:37;98.100,00 CLP;;;;
A101755015;2022-11-05;97750;2;97750;;DEBITO/CREDITO;2022-11-26 11:12:50;580;CLP;2022-11-05 12:33:33;2022-11-26 11:12:50;;2022-11-05 12:33:33;97.750,00 CLP;LEJOS;;;
A100124554;2022-09-02;;2;97000;6;DESCUENTO POR PLANILLA FENATS;2022-09-08 14:05:29;523;CLP;2022-09-02 13:25:46;2022-09-08 14:05:29;;2022-09-02 13:25:46;97.000,00 CLP;;;;
#VALUE!;;;2;96000;;;;;CLP;2023-02-02 13:03:49;;;2023-02-02 13:03:49;96.000,00 CLP;LEJOS;;;
A98974216;2022-08-29;;4;95000;;;;;CLP;2022-08-29 11:09:31;2022-08-29 12:21:09;2022-08-29 12:21:09;2022-08-29 11:09:30;95.000,00 CLP;;;;
#VALUE!;;;2;95000;;;2022-02-04 17:22:52;;CLP;2021-12-22 10:29:57;2022-02-04 17:22:52;;2021-12-22 10:29:56;95.000,00 CLP;;;;
#VALUE!;;;2;95000;;;2022-01-28 11:07:25;;CLP;2021-12-27 12:44:50;2022-01-28 11:07:25;;2021-12-27 12:44:49;95.000,00 CLP;;;;
A99572252;;;2;94000;3;DESCUENTO POR PLANILLA FENATS;2022-08-01 16:07:38;439;CLP;2022-07-08 12:44:18;2022-08-01 16:07:38;;2021-08-03 21:33:54;94.000,00 CLP;;;;
A100121581;2022-08-04;648;2;94000;1;DESCUENTO POR PLANILLA FENATS;2022-08-18 14:58:06;478;CLP;2022-08-04 09:11:19;2022-08-18 14:58:06;;2022-08-04 09:11:18;94.000,00 CLP;;;;
A99991709;2022-10-26;93750;2;93750;;DEBITO/CREDITO;2022-10-28 15:24:01;562;CLP;2022-10-26 19:47:58;2022-10-28 15:24:01;;2022-10-26 19:47:57;93.750,00 CLP;LEJOS;;;
A101924378;2022-09-02;;3;92000;3;DESCUENTO POR PLANILLA FENATS;2022-09-21 17:09:14;498;CLP;2022-09-02 11:56:35;2022-09-21 17:09:14;;2022-09-02 11:56:35;92.000,00 CLP;;;;
#VALUE!;;;2;90000;;;;;CLP;2021-12-22 10:44:12;;;2021-12-22 10:44:11;90.000,00 CLP;;;;
#VALUE!;;;2;90000;;;2022-01-03 12:59:28;;CLP;2021-12-27 13:02:33;2022-01-03 12:59:28;;2021-12-27 13:02:33;90.000,00 CLP;;;;
A100980671;;;2;90000;;;2022-01-03 12:58:51;;CLP;2021-12-27 13:13:39;2022-01-03 12:58:51;;2021-12-27 13:13:39;90.000,00 CLP;;;;
A100315237;2022-08-29;;2;90000;3;DESCUENTO POR PLANILLA FENATS;2022-09-08 14:13:14;516;CLP;2022-08-29 09:53:26;2022-09-08 14:13:14;;2022-08-29 09:53:25;90.000,00 CLP;;;;
A99247614;;;2;90000;6;DESCUENTO POR PLANILLA FENATS;2022-09-08 14:06:51;514;CLP;2022-08-30 11:46:29;2022-09-08 14:06:51;;2022-08-30 11:46:29;90.000,00 CLP;;;;
A99979056;2022-09-01;;4;90000;3;DESCUENTO POR PLANILLA FENATS;2022-09-08 13:37:27;509;CLP;2022-08-31 10:35:57;2022-09-08 13:37:27;;2022-08-31 10:35:56;90.000,00 CLP;;;;
A101314569;2022-09-01;90000;2;90000;;;2022-09-30 14:18:38;502;CLP;2022-09-01 13:24:42;2022-09-30 14:18:38;;2022-09-01 13:24:42;90.000,00 CLP;;;;
A100878742;2022-09-10;90000;2;90000;;;2022-09-14 21:38:00;526;CLP;2022-09-10 16:49:05;2022-09-14 21:38:00;;2022-09-10 16:49:04;90.000,00 CLP;;;;
A96344536;2022-10-08;90000;2;90000;;DEBITO/CREDITO;2022-10-29 14:43:06;560;CLP;2022-10-08 13:30:15;2022-10-29 14:43:06;;2022-10-08 13:30:14;90.000,00 CLP;BIFOCAL;;;
A97054580;2022-11-05;90000;4;90000;;DEBITO/CREDITO;2022-11-11 15:09:46;567;CLP;2022-11-05 19:06:45;2022-11-11 15:09:46;;2022-11-05 19:06:45;90.000,00 CLP;LEJOS Y CERCA;;;
A96889544;2022-11-05;90000;4;90000;;;2022-11-11 15:09:41;568;CLP;2022-11-05 19:18:05;2022-11-11 15:09:41;;2022-11-05 19:18:05;90.000,00 CLP;LEJOS Y CERCA;;;
A101539959;2022-12-03;45000;2;90000;;EFECTIVO;2022-12-12 14:17:08;;CLP;2022-12-03 17:52:06;2022-12-12 14:17:08;;2022-12-03 17:52:06;90.000,00 CLP;LEJOS;;;
#VALUE!;2023-01-25;45000;2;90000;;DEBITO/CREDITO;;;CLP;2023-01-25 14:47:11;;;2023-01-25 14:47:10;90.000,00 CLP;LEJOS;;;
A99875698;2022-07-06;;2;89000;3;DESCUENTO POR PLANILLA FENATS;2022-07-21 14:01:08;401;CLP;2022-07-06 09:06:33;2022-07-21 14:01:08;;2022-07-05 07:34:08;89.000,00 CLP;;;;
A101468758;2022-07-07;;2;89000;3;DESCUENTO POR PLANILLA FENATS;2022-07-14 12:49:05;418;CLP;2022-07-07 09:40:16;2022-07-14 12:49:05;;2022-07-06 09:41:35;89.000,00 CLP;;;;
A102328845;2023-01-14;89000;2;89000;;DEBITO/CREDITO;2023-01-20 19:27:55;595;CLP;2023-01-14 18:31:55;2023-01-20 19:27:55;;2023-01-14 18:31:55;89.000,00 CLP;LEJOS;;;
A101857795;2022-07-06;40000;2;85000;3;DESCUENTO POR PLANILLA FENATS;2022-07-21 12:04:44;428;CLP;2022-07-06 12:43:15;2022-07-21 12:04:44;;2022-07-06 12:43:14;85.000,00 CLP;;;;
#VALUE!;;85000;2;85000;;DEBITO/CREDITO;2023-01-20 19:12:28;;CLP;2023-01-14 12:13:33;2023-01-20 19:12:28;;2023-01-14 12:13:32;85.000,00 CLP;LEJOS;;;
A100836705;2022-09-02;;4;83300;;;2022-09-14 14:55:58;;CLP;2022-09-02 12:41:05;2022-09-14 14:55:58;;2022-09-02 12:41:05;83.300,00 CLP;;;;
A98895270;2022-07-07;;4;82500;6;DESCUENTO POR PLANILLA FENATS;2022-08-01 16:07:52;417;CLP;2022-07-07 11:21:57;2022-08-01 16:07:52;;2022-07-07 11:21:56;82.500,00 CLP;;;;
A100170691;;;4;81000;3;DESCUENTO POR PLANILLA FENATS;2022-08-12 13:30:24;;CLP;2022-08-03 13:53:20;2022-08-12 13:30:24;;2022-08-03 13:53:20;81.000,00 CLP;;;;
A99105360;2022-07-06;80100;2;80100;;;2022-07-19 13:03:11;421;CLP;2022-07-06 12:18:58;2022-07-19 13:03:11;;2022-07-06 12:18:58;80.100,00 CLP;;;;
#VALUE!;;;2;80000;;;2022-01-03 13:44:10;;CLP;2021-12-22 10:08:59;2022-01-03 13:44:10;;2021-12-22 10:08:59;80.000,00 CLP;;;;
#VALUE!;;;2;80000;;;2022-01-06 12:04:52;;CLP;2021-12-22 10:54:07;2022-01-06 12:04:52;;2021-12-22 10:52:34;80.000,00 CLP;;;;
#VALUE!;;;2;80000;;;2022-01-06 11:40:22;;CLP;2021-12-22 11:53:22;2022-01-06 11:40:22;;2021-12-22 10:52:34;80.000,00 CLP;;;;
#VALUE!;;;2;80000;;;2022-01-06 11:40:17;;CLP;2021-12-22 11:54:31;2022-01-06 11:40:17;;2021-12-22 10:52:34;80.000,00 CLP;;;;
#VALUE!;;;2;80000;;;2022-01-07 11:57:10;;CLP;2021-12-27 13:09:35;2022-01-07 11:57:10;;2021-12-27 13:09:35;80.000,00 CLP;;;;
A101209517;2022-07-04;40000;2;80000;3;DESCUENTO POR PLANILLA FENATS;2022-07-13 12:38:09;393;CLP;2022-07-04 15:30:50;2022-07-13 12:38:09;;2022-07-04 00:24:09;80.000,00 CLP;;;;
A100763381;2022-07-06;40000;2;80000;3;DESCUENTO POR PLANILLA FENATS;2022-07-14 13:41:39;402;CLP;2022-07-06 12:28:12;2022-07-14 13:41:39;;2022-07-05 12:28:30;80.000,00 CLP;;;;
A99578253;2022-08-29;;2;80000;3;DESCUENTO POR PLANILLA FENATS;2022-09-08 14:10:02;513;CLP;2022-08-30 12:30:33;2022-09-08 14:10:02;;2022-08-30 12:30:32;80.000,00 CLP;;;;
A101527927;2022-10-08;80000;2;80000;;DEBITO/CREDITO;2022-10-19 19:52:49;;CLP;2022-10-08 15:04:58;2022-10-19 19:52:49;;2022-10-08 15:04:58;80.000,00 CLP;LEJOS;;;
A102161190;2023-01-14;80000;2;80000;;DEBITO/CREDITO;2023-01-20 19:26:17;594;CLP;2023-01-14 18:08:14;2023-01-20 19:26:17;;2023-01-14 18:08:13;80.000,00 CLP;LEJOS;;;
A101469273;2022-07-05;;2;79000;3;DESCUENTO POR PLANILLA FENATS;2022-07-14 13:06:28;399;CLP;2022-07-05 16:32:00;2022-07-14 13:06:28;;2022-07-05 16:32:00;79.000,00 CLP;;;;
A100897752;2022-10-01;;3;77000;;;2023-02-01 13:14:53;;CLP;2022-10-03 17:08:51;2023-02-01 13:14:53;;2022-10-03 17:08:51;77.000,00 CLP;LEJOS;;;
A101267536;;;3;75000;3;DESCUENTO POR PLANILLA FENATS;2022-09-08 13:38:46;506;CLP;2022-08-31 11:10:35;2022-09-08 13:38:46;;2022-08-31 11:10:34;75.000,00 CLP;;;;
A101392255;2022-10-26;37500;2;75000;;DEBITO/CREDITO;2022-11-05 14:11:23;564;CLP;2022-10-26 16:55:16;2022-11-05 14:11:23;;2022-10-26 16:55:15;75.000,00 CLP;LEJOS;;;
A99045014;2022-10-26;54250;2;74250;;;2022-11-11 15:54:56;;CLP;2022-10-26 17:50:00;2022-11-11 15:54:56;;2022-10-26 17:50:00;74.250,00 CLP;BIFOCAL;;;
A96428314;2022-11-05;40000;4;74000;;DEBITO/CREDITO;2022-11-26 11:12:05;578;CLP;2022-11-05 19:01:01;2022-11-26 11:12:05;;2022-11-05 19:01:00;74.000,00 CLP;LEJOS Y CERCA;;;
A99063504;2022-09-02;;2;72000;3;DESCUENTO POR PLANILLA FENATS;2022-09-08 14:12:16;521;CLP;2022-09-02 08:56:22;2022-09-08 14:12:16;;2022-09-02 08:51:30;72.000,00 CLP;;;;
A99751263;;;2;71100;3;DESCUENTO POR PLANILLA FENATS;2022-08-30 08:49:44;491;CLP;2022-08-03 16:22:56;2022-08-30 08:49:44;;2022-08-03 16:22:55;71.100,00 CLP;;;;
A101209096;;70200;4;70200;;;2022-09-13 14:16:47;467;CLP;2022-08-04 16:52:25;2022-09-13 14:16:47;;2022-08-04 16:52:24;70.200,00 CLP;;;;
#VALUE!;;;2;70000;;;2022-01-03 13:46:21;;CLP;2021-12-17 10:46:15;2022-01-03 13:46:21;;2021-12-14 11:46:41;70.000,00 CLP;;;;
#VALUE!;;;2;70000;;;2022-01-12 11:56:13;;CLP;2021-12-22 10:38:00;2022-01-12 11:56:13;;2021-12-22 10:36:25;70.000,00 CLP;;;;
#VALUE!;;;2;70000;;;2022-01-03 12:59:17;;CLP;2021-12-27 13:07:56;2022-01-03 12:59:17;;2021-12-27 13:07:55;70.000,00 CLP;;;;
A98638742;2022-08-02;;2;70000;;;;456;CLP;2022-08-02 13:01:47;;;2022-08-02 13:01:47;70.000,00 CLP;;;;
A94492239;2023-01-14;45000;1;70000;;EFECTIVO;;;CLP;2023-01-14 14:16:02;;;2023-01-14 14:16:01;70.000,00 CLP;BIFOCAL;;;
A97672172;2023-01-14;70000;2;70000;;DEBITO/CREDITO;2023-01-20 19:18:10;597;CLP;2023-01-14 16:31:16;2023-01-20 19:18:10;;2023-01-14 16:31:15;70.000,00 CLP;LEJOS;;;
A102161224;2022-12-03;40000;2;69000;;EFECTIVO;2022-12-12 14:18:50;;CLP;2022-12-03 11:44:03;2022-12-12 14:18:50;;2022-12-03 11:44:00;69.000,00 CLP;LEJOS;;;
#VALUE!;2022-12-03;10000;2;69000;;EFECTIVO;2022-12-12 15:21:16;587;CLP;2022-12-03 12:26:54;2022-12-12 15:21:16;;;69.000,00 CLP;LEJOS;;;
A102647435;2022-12-03;10000;2;69000;;EFECTIVO;2022-12-12 15:21:10;586;CLP;2022-12-03 12:30:50;2022-12-12 15:21:10;;2022-12-03 12:30:48;69.000,00 CLP;LEJOS;;;
A101287612;2022-12-03;30000;2;69000;;DEBITO/CREDITO;2022-12-12 14:18:09;;CLP;2022-12-03 13:21:43;2022-12-12 14:18:09;;2022-12-03 13:21:43;69.000,00 CLP;LEJOS;;;
A99408008;2021-09-10;;3;65000;;;;528;CLP;2022-09-10 17:14:45;2023-01-14 11:17:42;2023-01-14 11:17:42;2022-09-10 17:14:45;65.000,00 CLP;;;;
#VALUE!;;;2;65000;;;2022-01-03 12:54:10;;CLP;2021-12-27 12:46:23;2022-01-03 12:54:10;;2021-12-22 11:42:07;65.000,00 CLP;;;;
A99061562;2022-07-04;0;2;65000;3;DESCUENTO POR PLANILLA FENATS;2022-07-14 12:06:09;429;CLP;2022-07-04 10:02:30;2022-07-14 12:06:09;;2022-07-04 09:35:40;65.000,00 CLP;;;;
A99066172;2022-09-10;65000;3;65000;;;2022-09-14 21:18:53;529;CLP;2022-09-10 17:27:16;2022-09-14 21:18:53;;2022-09-10 17:27:16;65.000,00 CLP;;;;
A101626495;2022-11-26;64000;2;64000;;DEBITO/CREDITO;2022-12-05 13:37:41;;CLP;2022-11-26 11:15:10;2022-12-05 13:37:41;;2022-11-26 11:15:09;64.000,00 CLP;LEJOS;;;
#VALUE!;2023-02-01;;2;64000;;;;;CLP;2023-02-02 12:42:19;;;2023-02-02 12:42:19;64.000,00 CLP;LEJOS;;;
A101944330;2022-07-07;30000;2;63000;;;2022-07-26 13:51:35;;CLP;2022-07-11 15:13:26;2022-07-26 13:51:35;;2022-07-11 15:13:26;63.000,00 CLP;;;;
#VALUE!;;;2;60000;;;2021-12-22 12:21:32;;CLP;2021-12-22 10:49:29;2021-12-22 12:21:32;;2021-12-22 10:48:10;60.000,00 CLP;;;;
#VALUE!;;;2;60000;;;2022-01-03 13:16:51;;CLP;2021-12-22 10:51:11;2022-01-03 13:16:51;;2021-12-22 10:51:10;60.000,00 CLP;;;;
#VALUE!;;;2;60000;;;2022-01-03 12:54:18;;CLP;2021-12-22 11:55:30;2022-01-03 12:54:18;;2021-12-22 11:42:07;60.000,00 CLP;;;;
#VALUE!;;;2;60000;;;2022-01-03 13:01:04;;CLP;2021-12-27 12:47:48;2022-01-03 13:01:04;;2021-12-27 12:47:46;60.000,00 CLP;;;;
#VALUE!;;;2;60000;;;2022-01-03 13:00:35;;CLP;2021-12-27 12:49:08;2022-01-03 13:00:35;;2021-12-27 12:49:06;60.000,00 CLP;;;;
#VALUE!;;;2;60000;;;2022-01-03 12:55:47;;CLP;2021-12-27 13:18:27;2022-01-03 12:55:47;;2021-12-27 12:47:46;60.000,00 CLP;;;;
#VALUE!;;;1;60000;;;2022-08-03 09:20:33;443;CLP;2022-08-01 16:29:53;2022-08-03 09:20:33;;2021-08-03 21:33:48;60.000,00 CLP;;;;
A96951972;2022-08-06;60000;3;60000;;DEBITO/CREDITO;2022-11-26 11:12:39;574;CLP;2022-11-05 13:21:22;2022-11-26 11:12:39;;2022-11-05 13:21:22;60.000,00 CLP;CERCA;;;
A99759903;2022-12-03;30000;2;60000;;DEBITO/CREDITO;2023-01-14 11:17:11;;CLP;2022-12-03 13:38:09;2023-01-14 11:17:11;;2022-12-03 13:38:09;60.000,00 CLP;BIFOCAL;;;
#VALUE!;2022-12-03;0;2;60000;;;2022-12-12 14:16:59;;CLP;2022-12-03 20:32:11;2022-12-12 14:16:59;;2022-06-15 11:29:25;60.000,00 CLP;LEJOS;;;
A100265177;;;2;59000;3;DESCUENTO POR PLANILLA FENATS;2022-07-20 13:12:06;413;CLP;2022-07-07 14:05:35;2022-07-20 13:12:06;;2022-07-07 14:05:35;59.000,00 CLP;;;;
A97525338;2022-08-02;;3;59000;3;DESCUENTO POR PLANILLA FENATS;2022-08-11 15:33:58;446;CLP;2022-08-01 16:20:56;2022-08-11 15:33:58;;2022-08-01 16:20:56;59.000,00 CLP;;;;
A98189648;2022-07-05;;3;58500;3;DESCUENTO POR PLANILLA FENATS;2022-07-13 12:58:04;404;CLP;2022-07-05 12:17:58;2022-07-13 12:58:04;;2022-07-05 12:17:57;58.500,00 CLP;;;;
A96986441;;;1;55000;;;2022-09-29 13:57:43;441;CLP;2022-07-26 13:41:04;2022-09-29 13:57:43;;2022-07-26 13:41:04;55.000,00 CLP;;;;
A100174306;2023-01-14;55000;2;55000;;DEBITO/CREDITO;2023-01-20 19:28:22;600;CLP;2023-01-14 17:12:32;2023-01-20 19:28:22;;2023-01-14 17:12:32;55.000,00 CLP;LEJOS;;;
A102733054;2023-02-01;;2;54400;;;;;CLP;2023-02-01 17:41:52;;;2023-02-01 17:41:51;54.400,00 CLP;LEJOS;;;
A101117923;;;2;54000;3;DESCUENTO POR PLANILLA FENATS;2022-09-08 14:09:14;499;CLP;2022-09-01 16:16:38;2022-09-08 14:09:14;;2022-09-01 16:16:37;54.000,00 CLP;;;;
A100801799;2022-11-26;10000;2;54000;;EFECTIVO;2022-12-05 13:37:35;;CLP;2022-11-26 11:33:43;2022-12-05 13:37:35;;2022-11-26 11:33:43;54.000,00 CLP;LEJOS;;;
A100551007;2022-07-04;53100;2;53100;;;2022-07-20 12:05:40;392;CLP;2022-07-04 13:19:36;2022-07-20 12:05:40;;2022-07-04 13:19:36;53.100,00 CLP;;;;
A100581677;2022-07-08;53100;2;53100;;;2022-07-14 13:51:10;420;CLP;2022-07-08 14:37:32;2022-07-14 13:51:10;;2022-07-08 14:37:32;53.100,00 CLP;;;;
A101552633;;;2;50000;;;;;CLP;2022-11-26 18:24:06;2023-01-20 14:27:12;2023-01-20 14:27:12;2022-11-26 18:24:06;50.000,00 CLP;;;;
#VALUE!;;;2;50000;;;2021-12-22 12:22:09;;CLP;2021-12-22 09:39:10;2021-12-22 12:22:09;;2021-12-22 09:37:33;50.000,00 CLP;;;;
#VALUE!;;;2;50000;;;2021-12-22 12:30:35;;CLP;2021-12-22 10:05:34;2021-12-22 12:30:35;;2021-12-22 10:05:34;50.000,00 CLP;;;;
#VALUE!;;;2;50000;;;2022-01-06 12:04:45;;CLP;2021-12-22 10:52:34;2022-01-06 12:04:45;;2021-12-22 10:52:34;50.000,00 CLP;;;;
#VALUE!;;;2;50000;;;2022-01-03 13:13:33;;CLP;2021-12-22 11:36:48;2022-01-03 13:13:33;;2021-12-14 11:14:19;50.000,00 CLP;;;;
#VALUE!;;;2;50000;;;;;CLP;2021-12-22 11:43:57;;;2021-12-22 11:43:56;50.000,00 CLP;;;;
#VALUE!;;;1;50000;;;2022-01-03 12:50:36;;CLP;2021-12-27 13:21:39;2022-01-03 12:50:36;;2021-08-03 21:34:01;50.000,00 CLP;;;;
A98677539;2022-07-07;;2;50000;3;DESCUENTO POR PLANILLA FENATS;2022-07-14 11:59:07;422;CLP;2022-07-08 08:58:01;2022-07-14 11:59:07;;2022-07-08 08:58:00;50.000,00 CLP;;;;
A98790985;;50000;2;50000;;;2022-08-12 13:53:57;448;CLP;2022-08-04 15:43:48;2022-08-12 13:53:57;;2021-08-03 21:33:58;50.000,00 CLP;;;;
A100311943;2022-10-08;;4;50000;;;2022-12-12 14:12:42;;CLP;2022-10-08 14:52:22;2022-12-12 14:12:42;;2022-10-08 14:52:21;50.000,00 CLP;;;;
A100994289;;25000;2;50000;;DEBITO/CREDITO;2022-12-12 14:18:33;;CLP;2022-12-03 12:44:00;2022-12-12 14:18:33;;2022-12-03 12:43:59;50.000,00 CLP;LEJOS;;;
A97110781;2023-01-14;50000;1;50000;;DEBITO/CREDITO;;;CLP;2023-01-14 13:59:06;;;2023-01-14 13:59:05;50.000,00 CLP;;;;
A99999796;;;2;49000;6;DESCUENTO POR PLANILLA FENATS;2022-07-13 13:04:00;400;CLP;2022-07-06 13:21:50;2022-07-13 13:04:00;;2022-07-04 10:16:29;49.000,00 CLP;;;;
A102148583;;;2;49000;6;DESCUENTO POR PLANILLA FENATS;2022-08-01 16:07:46;414;CLP;2022-07-07 16:10:59;2022-08-01 16:07:46;;2021-08-03 21:33:48;49.000,00 CLP;;;;
A102806535;;25000;2;49000;;DEBITO/CREDITO;2022-12-12 14:19:02;;CLP;2022-12-03 12:47:04;2022-12-12 14:19:02;;2022-12-03 12:47:04;49.000,00 CLP;;;;
#VALUE!;;;2;47600;;;2022-06-06 16:04:28;;CLP;2022-05-30 14:02:06;2022-06-06 16:04:28;;2022-05-30 14:02:06;47.600,00 CLP;;;;
A100769234;2022-10-08;47200;2;47200;;DEBITO/CREDITO;2022-10-19 19:52:39;;CLP;2022-10-08 14:59:07;2022-10-19 19:52:39;;2022-10-08 14:59:07;47.200,00 CLP;CERCA;;;
#VALUE!;;;2;45000;;;2022-01-03 12:53:53;;CLP;2021-12-22 11:01:43;2022-01-03 12:53:53;;2021-12-22 11:01:42;45.000,00 CLP;;;;
A100770838;2022-08-03;;2;45000;3;DESCUENTO POR PLANILLA FENATS;2022-08-12 12:47:49;453;CLP;2022-08-03 11:07:57;2022-08-12 12:47:49;;2022-08-03 11:07:57;45.000,00 CLP;;;;
A98314726;2022-06-22;;2;45000;3;DESCUENTO POR PLANILLA FENATS;2022-08-12 13:29:32;450;CLP;2022-08-04 10:04:44;2022-08-12 13:29:32;;2022-08-04 10:04:43;45.000,00 CLP;;;;
A102682177;;;2;45000;3;DESCUENTO POR PLANILLA FENATS;2022-09-08 14:05:57;496;CLP;2022-08-30 13:33:40;2022-09-08 14:05:57;;2022-07-04 00:13:21;45.000,00 CLP;;;;
A102075089;2022-09-01;45000;2;45000;;;2022-09-30 14:18:49;503;CLP;2022-09-01 12:57:21;2022-09-30 14:18:49;;2022-09-01 12:57:21;45.000,00 CLP;;;;
A103079674;2022-09-10;45000;2;45000;;;2022-09-14 21:20:48;527;CLP;2022-09-10 17:02:52;2022-09-14 21:20:48;;2022-09-10 17:02:51;45.000,00 CLP;;;;
A102319527;2022-11-26;45000;2;45000;;;2022-12-05 13:37:30;;CLP;2022-11-26 13:18:10;2022-12-05 13:37:30;;2022-11-26 13:18:09;45.000,00 CLP;LEJOS;;;
A102161135;2022-12-03;30000;2;45000;;DEBITO/CREDITO;2023-01-14 11:20:24;;CLP;2022-12-03 13:35:47;2023-01-14 11:20:24;;2022-12-03 13:35:47;45.000,00 CLP;LEJOS;;;
A101682968;2023-01-14;45000;2;45000;;EFECTIVO;2023-01-20 19:42:31;601;CLP;2023-01-14 15:58:33;2023-01-20 19:42:31;;2023-01-14 15:58:33;45.000,00 CLP;LEJOS;;;
A101740128;2023-01-14;45000;2;45000;;DEBITO/CREDITO;2023-01-20 19:40:20;602;CLP;2023-01-14 16:09:03;2023-01-20 19:40:20;;2023-01-14 16:09:03;45.000,00 CLP;LEJOS;;;
A95724077;2023-01-18;;2;45000;;;2023-01-25 14:45:43;;CLP;2023-01-18 12:07:44;2023-01-25 14:45:43;;2023-01-18 12:07:44;45.000,00 CLP;LEJOS;;;
A98118382;2022-10-26;;2;44250;;;2022-11-05 14:11:19;563;CLP;2022-10-26 19:02:55;2022-11-05 14:11:19;;2022-10-26 19:02:55;44.250,00 CLP;CERCA;;;
A101746252;2022-07-04;22050;2;44100;1;DESCUENTO POR PLANILLA FENATS;2022-08-01 16:08:49;397;CLP;2022-07-04 13:11:09;2022-08-01 16:08:49;;2022-07-04 10:32:53;44.100,00 CLP;;;;
A39696022;2022-07-04;44100;2;44100;;;2022-07-08 13:36:00;387;CLP;2022-07-04 14:04:06;2022-07-08 13:36:00;;2022-07-04 00:08:46;44.100,00 CLP;;;;
A103250414;2022-10-08;44100;2;44100;;DEBITO/CREDITO;2022-10-19 20:03:06;548;CLP;2022-10-08 16:48:05;2022-10-19 20:03:06;;2022-10-08 16:48:05;44.100,00 CLP;;;;
A101050710;;20000;2;44000;;;2022-08-16 13:12:07;;CLP;2022-08-10 15:06:36;2022-08-16 13:12:07;;2022-08-10 15:06:36;44.000,00 CLP;;;;
A100203318;2022-11-05;10000;2;44000;;DEBITO/CREDITO;2022-11-26 11:12:55;573;CLP;2022-11-05 12:29:55;2022-11-26 11:12:55;;2022-11-05 12:29:54;44.000,00 CLP;LEJOS;;;
A97549112;2022-11-05;42000;3;42000;;DEBITO/CREDITO;2022-11-26 11:12:34;576;CLP;2022-11-05 14:34:19;2022-11-26 11:12:34;;2022-11-05 14:34:18;42.000,00 CLP;CERCA;;;
A101381580;;40500;2;40500;;;2022-07-14 11:56:17;412;CLP;2022-07-07 11:08:08;2022-07-14 11:56:17;;2022-07-07 11:08:07;40.500,00 CLP;;;;
A102665891;2022-11-26;;2;40000;;;;;CLP;2022-11-26 18:13:46;2023-01-20 14:27:30;2023-01-20 14:27:30;2022-11-26 18:13:45;40.000,00 CLP;LEJOS;;;
#VALUE!;;;2;40000;;;2022-01-03 12:55:22;;CLP;2021-12-22 11:42:08;2022-01-03 12:55:22;;2021-12-22 11:42:07;40.000,00 CLP;;;;
A98428588;;40000;2;40000;;;2022-08-12 13:34:30;466;CLP;2022-08-04 11:48:11;2022-08-12 13:34:30;;2022-07-05 16:19:38;40.000,00 CLP;;;;
A101855476;;40000;2;40000;;;2022-09-08 13:42:37;508;CLP;2022-08-31 10:50:13;2022-09-08 13:42:37;;2022-08-31 10:50:13;40.000,00 CLP;;;;
A97999155;;10000;2;40000;;;;549;CLP;2022-10-11 13:22:39;;;2022-10-11 13:22:38;40.000,00 CLP;;;;
A99384028;2022-11-05;40000;2;40000;;DEBITO/CREDITO;2022-11-26 11:12:27;575;CLP;2022-11-05 15:02:28;2022-11-26 11:12:27;;2022-11-05 15:02:28;40.000,00 CLP;CERCA;;;
A101273594;;40000;2;40000;;DEBITO/CREDITO;2022-11-26 11:12:21;570;CLP;2022-11-05 15:19:31;2022-11-26 11:12:21;;2022-11-05 15:19:30;40.000,00 CLP;LEJOS;;;
A102782407;2022-12-03;;2;40000;;;2023-01-14 11:20:03;;CLP;2022-12-03 17:46:41;2023-01-14 11:20:03;;2022-12-03 17:46:40;40.000,00 CLP;LEJOS;;;
A100994408;2022-12-03;20000;2;40000;;DEBITO/CREDITO;2022-12-12 14:17:21;;CLP;2022-12-03 17:48:50;2022-12-12 14:17:21;;2022-12-03 17:48:49;40.000,00 CLP;LEJOS;;;
A98267204;2023-02-01;0;2;40000;;;;;CLP;2023-02-01 17:40:20;;;2023-02-01 17:40:20;40.000,00 CLP;CERCA;;;
A101472255;2022-10-08;39200;2;39200;;DEBITO/CREDITO;2022-10-19 19:53:10;;CLP;2022-10-08 15:18:27;2022-10-19 19:53:10;;2022-10-08 15:18:27;39.200,00 CLP;LEJOS;;;
A101670487;;;2;39000;3;DESCUENTO POR PLANILLA FENATS;2022-07-14 13:40:43;408;CLP;2022-07-07 13:04:26;2022-07-14 13:40:43;;2022-07-07 13:04:26;39.000,00 CLP;;;;
A101186009;2022-08-01;;2;39000;1;DESCUENTO POR PLANILLA FENATS;2022-08-11 15:27:48;463;CLP;2022-08-01 11:16:37;2022-08-11 15:27:48;;2022-08-01 11:16:37;39.000,00 CLP;;;;
A100557529;;;2;39000;;;2022-08-18 16:38:15;;CLP;2022-08-01 16:13:25;2022-08-18 16:38:15;;2022-08-01 16:13:25;39.000,00 CLP;;;;
A102186281;2022-10-26;38250;1;38250;;EFECTIVO;2022-11-05 14:11:10;565;CLP;2022-10-26 13:11:12;2022-11-05 14:11:10;;2022-10-26 13:10:45;38.250,00 CLP;LEJOS;;;
A100204866;2022-07-08;;2;35100;3;DESCUENTO POR PLANILLA FENATS;2022-07-14 12:36:50;433;CLP;2022-07-08 13:04:06;2022-07-14 12:36:50;;2022-07-04 00:00:02;35.100,00 CLP;;;;
#VALUE!;;;1;35000;;;2022-01-03 13:45:41;;CLP;2021-12-22 09:57:25;2022-01-03 13:45:41;;2021-12-22 09:57:24;35.000,00 CLP;;;;
#VALUE!;;;2;35000;;;2022-01-06 11:38:58;;CLP;2021-12-22 10:00:02;2022-01-06 11:38:58;;2021-12-22 10:00:02;35.000,00 CLP;;;;
#VALUE!;;;2;35000;;;2022-01-03 12:39:29;;CLP;2021-12-22 10:32:39;2022-01-03 12:39:29;;2021-12-22 10:32:38;35.000,00 CLP;;;;
#VALUE!;;;2;35000;;;2022-01-03 12:59:48;;CLP;2021-12-27 13:00:20;2022-01-03 12:59:48;;2021-12-27 13:00:19;35.000,00 CLP;;;;
#VALUE!;;;1;35000;;;2022-09-29 13:57:36;;CLP;2022-07-27 18:39:24;2022-09-29 13:57:36;;2022-07-27 18:39:24;35.000,00 CLP;;;;
A97976334;;35000;2;35000;;;2022-08-18 14:58:30;;CLP;2022-08-10 15:27:53;2022-08-18 14:58:30;;2022-08-10 15:27:52;35.000,00 CLP;;;;
A100951591;2022-09-10;35000;2;35000;;;2022-09-14 21:25:58;525;CLP;2022-09-10 13:29:44;2022-09-14 21:25:58;;2022-09-10 13:29:43;35.000,00 CLP;;;;
A98318616;2022-12-03;20000;2;35000;;EFECTIVO;2022-12-12 14:17:45;;CLP;2022-12-03 15:22:55;2022-12-12 14:17:45;;2022-12-03 15:22:54;35.000,00 CLP;LEJOS;;;
A101767706;;35000;1;35000;;;2023-01-13 14:25:28;;CLP;2023-01-11 17:53:36;2023-01-13 14:25:28;;2023-01-11 17:53:36;35.000,00 CLP;LEJOS;;;
A97136612;2023-01-14;35000;2;35000;;EFECTIVO;2023-01-20 19:45:28;593;CLP;2023-01-14 12:49:58;2023-01-20 19:45:28;;2023-01-14 12:49:58;35.000,00 CLP;CERCA;;;
A103202962;;;2;35000;;;2023-02-01 13:13:30;;CLP;2023-01-31 14:08:54;2023-02-01 13:13:30;;2022-11-02 13:37:50;35.000,00 CLP;;;;
#VALUE!;;;2;35000;;;;;CLP;2023-02-02 12:51:46;;;2023-02-02 12:51:46;35.000,00 CLP;CERCA;;;
#VALUE!;;;2;35000;;;;;CLP;2023-02-02 12:57:42;;;2023-02-02 12:57:42;35.000,00 CLP;CERCA;;;
A101880140;2022-11-05;34000;2;34000;;DEBITO/CREDITO;2022-11-26 11:12:44;571;CLP;2022-11-05 12:49:12;2022-11-26 11:12:44;;2022-11-05 12:49:11;34.000,00 CLP;LEJOS;;;
A102050747;2022-09-21;31200;2;31200;;;2022-10-04 18:21:39;543;CLP;2022-09-29 13:59:29;2022-10-04 18:21:39;;2022-09-29 13:59:29;31.200,00 CLP;;;;
#VALUE!;;;2;30000;;;2022-01-03 12:39:17;;CLP;2021-12-22 11:51:18;2022-01-03 12:39:17;;2021-12-22 10:32:38;30.000,00 CLP;;;;
#VALUE!;;;1;30000;;;2022-01-03 13:04:28;;CLP;2021-12-27 12:32:51;2022-01-03 13:04:28;;2021-12-27 12:32:50;30.000,00 CLP;;;;
#VALUE!;;;1;30000;;;2022-01-03 13:00:12;;CLP;2021-12-27 12:50:21;2022-01-03 13:00:12;;2021-12-27 12:50:20;30.000,00 CLP;;;;
#VALUE!;;;1;30000;;;2022-01-03 12:56:16;;CLP;2021-12-27 13:15:36;2022-01-03 12:56:16;;2021-12-27 13:15:35;30.000,00 CLP;;;;
A102148583;2022-07-04;;1;30000;6;DESCUENTO POR PLANILLA FENATS;2022-08-01 16:08:05;414;CLP;2022-07-04 10:30:59;2022-08-01 16:08:05;;2021-08-03 21:33:48;30.000,00 CLP;;;;
A97071706;2022-11-05;30000;2;30000;;;2022-11-26 11:11:51;572;CLP;2022-11-05 19:45:56;2022-11-26 11:11:51;;2022-11-05 19:45:54;30.000,00 CLP;CERCA;;;
A100416934;;30000;1;30000;;DEBITO/CREDITO;2022-11-26 11:11:42;579;CLP;2022-11-05 20:11:29;2022-11-26 11:11:42;;2022-11-05 20:11:29;30.000,00 CLP;LEJOS;;;
A98671936;;;2;25000;;;2022-09-08 14:14:53;517;CLP;2022-08-30 10:12:30;2022-09-08 14:14:53;;2021-08-03 21:33:51;25.000,00 CLP;;;;
#VALUE!;2022-10-08;25000;2;25000;;EFECTIVO;2022-10-19 20:04:31;550;CLP;2022-10-08 14:21:25;2022-10-19 20:04:31;;;25.000,00 CLP;CERCA;;;
A101644628;;;2;20000;;;;;CLP;2023-02-07 09:32:07;2023-02-07 10:48:38;2023-02-07 10:48:38;2023-02-07 09:32:07;20.000,00 CLP;;;;
#VALUE!;;;1;20000;;;2022-01-03 13:05:42;;CLP;2021-12-27 12:22:45;2022-01-03 13:05:42;;2021-12-27 12:22:44;20.000,00 CLP;;;;
A99225970;2022-07-08;;1;20000;2;DESCUENTO POR PLANILLA FENATS;2022-07-20 12:00:57;425;CLP;2022-07-08 12:18:53;2022-07-20 12:00:57;;2022-07-08 12:18:53;20.000,00 CLP;;;;
A99105360;2022-07-06;20000;1;20000;;;2022-08-12 13:36:16;454;CLP;2022-08-03 10:57:34;2022-08-12 13:36:16;;2022-07-06 12:18:58;20.000,00 CLP;;;;
A98528905;2022-01-09;;1;20000;;;2022-09-08 13:55:18;511;CLP;2022-08-31 09:46:20;2022-09-08 13:55:18;;2021-12-14 11:47:16;20.000,00 CLP;;;;
A98639834;;20000;2;20000;;;2022-09-08 14:03:17;510;CLP;2022-08-31 09:51:33;2022-09-08 14:03:17;;2022-08-03 15:47:23;20.000,00 CLP;;;;
#VALUE!;;3000;1;10000;;EFECTIVO;2023-01-18 12:05:07;;CLP;2023-01-13 14:27:37;2023-01-18 12:05:07;;2023-01-13 14:27:36;10.000,00 CLP;;;;
#VALUE!;;7000;1;7000;;;2023-01-11 17:49:22;;CLP;2022-10-06 14:45:03;2023-01-11 17:49:22;;2022-10-06 14:45:03;7.000,00 CLP;;;;
A99117044;;;2;0;;;2021-12-22 12:27:51;;CLP;2021-12-22 10:34:20;2021-12-22 12:27:51;;2021-12-22 10:34:20;0,00 CLP;;;;
#VALUE!;;;1;0;;;2021-12-22 12:22:32;;CLP;2021-12-22 10:46:42;2021-12-22 12:22:32;;2021-09-03 09:44:15;0,00 CLP;;;;
A100359304;2022-07-04;;4;0;;;2022-07-21 13:57:00;;CLP;2022-07-04 10:16:59;2022-07-21 13:57:00;;2022-07-04 10:16:58;0,00 CLP;;;;
A98974268;2022-11-05;;2;0;;;2022-11-26 11:13:31;;CLP;2022-11-05 20:01:58;2022-11-26 11:13:31;;2022-11-05 20:01:58;0,00 CLP;LEJOS;;;
A97428595;;;2;0;;;2022-12-12 14:17:58;;CLP;2022-12-03 14:41:40;2022-12-12 14:17:58;;2022-12-03 14:41:39;0,00 CLP;CERCA;;;
A98097958;2022-12-03;;4;0;;;2022-12-12 14:14:20;;CLP;2022-12-03 18:38:11;2022-12-12 14:14:20;;2022-12-03 18:38:07;0,00 CLP;LEJOS Y CERCA;;;
A101468096;2022-11-30;;;;;;;;CLP;2023-01-25 14:31:22;2023-01-25 14:31:41;2023-01-25 14:31:41;2023-01-25 14:31:22;0,00 CLP;;;;
A101552633;2022-11-26;;;;;;;;CLP;2023-01-25 14:29:53;2023-01-25 14:30:15;2023-01-25 14:30:15;2023-01-25 14:29:53;0,00 CLP;;;;
A100946864;2022-11-26;;;;;;;;CLP;2023-01-25 14:27:18;2023-01-25 14:27:36;2023-01-25 14:27:36;2023-01-25 14:27:17;0,00 CLP;;;;
A102970889;2022-11-26;;;;;;;;CLP;2023-01-25 14:24:35;2023-01-25 14:25:30;2023-01-25 14:25:30;2023-01-25 14:24:35;0,00 CLP;;;;
#VALUE!;;;;;;;;;CLP;2022-08-29 10:24:07;2022-09-10 13:06:08;2022-09-10 13:06:08;2021-12-07 12:13:01;0,00 CLP;;;;
A99503399;;;;;;;;;CLP;2022-08-30 13:28:04;2022-09-10 13:05:41;2022-09-10 13:05:41;2022-08-30 13:28:04;0,00 CLP;;;;
#VALUE!;;;;;;;;;CLP;2021-11-03 14:59:56;2022-05-30 14:05:33;2022-05-30 14:05:33;2021-11-03 14:59:50;0,00 CLP;;;;
#VALUE!;;;;;;;;;CLP;2021-11-03 15:03:41;2022-05-30 14:05:25;2022-05-30 14:05:25;2021-11-03 15:03:40;0,00 CLP;;;;
#VALUE!;;;;;;;;;CLP;2021-12-02 10:21:28;2022-02-04 17:00:41;2022-02-04 17:00:41;2021-12-02 10:21:27;50.000,00 CLP;;;;
#VALUE!;;;;;;;;;CLP;2021-10-18 12:40:03;2021-10-18 12:49:17;2021-10-18 12:49:17;2021-09-24 20:35:11;0,00 CLP;;;;
#VALUE!;;;;;;;;;CLP;2021-09-02 10:17:09;2021-09-24 12:22:40;2021-09-24 12:22:40;2021-09-02 10:17:09;0,00 CLP;;;;
#VALUE!;;;;;;;;;CLP;2021-08-30 14:02:23;2021-09-16 10:12:11;2021-09-16 10:12:11;2021-08-30 14:02:22;0,00 CLP;;;;
#VALUE!;;;;;;;;;CLP;2021-08-31 09:02:59;2021-09-16 10:11:42;2021-09-16 10:11:42;2021-08-31 09:02:58;0,00 CLP;;;;
A100803502;;;;;;;;;CLP;2021-08-31 10:08:36;2021-09-16 10:11:05;2021-09-16 10:11:05;2021-08-31 10:08:34;0,00 CLP;;;;
#VALUE!;;;;;;;;;CLP;2021-08-31 11:43:30;2021-09-06 10:13:58;2021-09-06 10:13:58;2021-08-31 11:43:30;0,00 CLP;;;;
#VALUE!;;;;;;;;;CLP;2021-08-30 11:50:43;2021-09-02 13:47:20;2021-09-02 13:47:20;2021-08-30 11:50:40;0,00 CLP;;;;
#VALUE!;;;;;;;;;CLP;2021-08-31 10:41:36;2021-09-02 13:35:55;2021-09-02 13:35:55;2021-08-31 10:41:35;0,00 CLP;;;;
#VALUE!;;;;;;;2021-08-20 10:45:40;;CLP;2021-08-06 12:14:51;2021-08-20 10:45:40;;2021-08-06 12:07:30;50.000,00 CLP;;;;
#VALUE!;;;;;;;2021-08-24 13:33:58;;CLP;2021-08-09 12:12:27;2021-08-24 13:33:58;;2021-08-03 21:34:01;40.000,00 CLP;;;;
#VALUE!;;;;;;;2021-08-26 16:48:28;;CLP;2021-08-14 21:35:35;2021-08-26 16:48:28;;2021-08-14 21:35:35;150.000,00 CLP;;;;
#VALUE!;;;;;;;2021-09-01 08:35:09;;CLP;2021-08-25 16:59:02;2021-09-01 08:35:09;;2021-08-25 16:59:01;65.000,00 CLP;;;;
#VALUE!;;;;;;;2021-09-01 08:34:47;;CLP;2021-08-25 16:59:23;2021-09-01 08:34:47;;2021-08-25 16:59:01;50.000,00 CLP;;;;
#VALUE!;;;;;;;2021-08-30 08:56:30;;CLP;2021-08-25 17:00:16;2021-08-30 08:56:30;;2021-08-25 17:00:16;30.000,00 CLP;;;;
#VALUE!;;;;;;;2021-08-30 08:56:51;;CLP;2021-08-25 17:00:49;2021-08-30 08:56:51;;2021-08-25 17:00:49;75.000,00 CLP;;;;
#VALUE!;;;;;;;2021-09-27 12:01:49;;CLP;2021-08-25 17:02:40;2021-09-27 12:01:49;;2021-08-25 17:02:39;110.000,00 CLP;;;;
#VALUE!;;;;;;;2021-09-27 11:54:20;;CLP;2021-08-25 17:04:27;2021-09-27 11:54:20;;2021-08-25 17:04:27;120.000,00 CLP;;;;
#VALUE!;;;;;;;2021-09-27 11:54:27;;CLP;2021-08-25 17:05:33;2021-09-27 11:54:27;;2021-08-25 17:04:27;50.000,00 CLP;;;;
#VALUE!;;;;;;;2021-09-10 11:52:07;;CLP;2021-08-25 17:23:10;2021-09-10 11:52:07;;2021-08-25 17:23:10;65.000,00 CLP;;;;
#VALUE!;;;;;;;2021-09-01 08:35:45;;CLP;2021-08-25 17:26:34;2021-09-01 08:35:45;;2021-08-25 17:26:34;70.000,00 CLP;;;;
#VALUE!;;;;;;;2021-09-24 12:14:08;;CLP;2021-08-30 08:44:09;2021-09-24 12:14:08;;2021-08-30 08:44:09;110.000,00 CLP;;;;
A98282968;;;;;;;2021-09-24 12:07:24;;CLP;2021-08-30 08:58:49;2021-09-24 12:07:24;;2021-08-30 08:58:49;155.000,00 CLP;;;;
#VALUE!;;;;;;;2021-09-09 11:29:48;;CLP;2021-08-30 09:49:28;2021-09-09 11:29:48;;2021-08-30 09:49:27;70.000,00 CLP;;;;
#VALUE!;;;;;;;2021-09-09 11:46:23;;CLP;2021-08-30 09:52:36;2021-09-09 11:46:23;;2021-08-30 09:52:36;90.000,00 CLP;;;;
#VALUE!;;;;;;;2021-09-27 12:15:59;;CLP;2021-08-30 09:54:47;2021-09-27 12:15:59;;2021-08-30 09:54:47;70.000,00 CLP;;;;
#VALUE!;;;;;;;2021-09-09 10:44:37;;CLP;2021-08-30 09:58:15;2021-09-09 10:44:37;;2021-08-30 09:58:15;90.000,00 CLP;;;;
#VALUE!;;;;;;;2021-09-24 13:15:18;;CLP;2021-08-30 11:00:24;2021-09-24 13:15:18;;2021-08-30 11:00:21;120.000,00 CLP;;;;
#VALUE!;;;;;;;2021-09-09 12:21:25;;CLP;2021-08-30 11:40:34;2021-09-09 12:21:25;;2021-08-30 11:40:33;60.000,00 CLP;;;;
#VALUE!;;;;;;;2021-09-09 09:38:57;;CLP;2021-08-30 11:45:40;2021-09-09 09:38:57;;2021-08-30 11:45:40;50.000,00 CLP;;;;
#VALUE!;;;;;;;2021-09-24 13:17:24;;CLP;2021-08-30 12:03:10;2021-09-24 13:17:24;;2021-08-30 12:03:09;130.000,00 CLP;;;;
#VALUE!;;;;;;;2021-09-24 12:06:13;;CLP;2021-08-30 12:06:37;2021-09-24 12:06:13;;2021-08-30 12:06:36;70.000,00 CLP;;;;
#VALUE!;;;;;;;2021-09-09 09:38:44;;CLP;2021-08-30 12:14:28;2021-09-09 09:38:44;;2021-08-30 12:14:27;130.000,00 CLP;;;;
#VALUE!;;;;;;;2021-09-09 09:58:29;;CLP;2021-08-30 12:36:56;2021-09-09 09:58:29;;2021-08-30 12:36:56;100.000,00 CLP;;;;
#VALUE!;;;;;;;2022-05-30 13:51:13;;CLP;2021-08-30 14:04:49;2022-05-30 13:51:13;;2021-08-30 14:04:49;105.000,00 CLP;;;;
#VALUE!;;;;;;;2021-09-15 11:36:03;;CLP;2021-08-31 09:04:50;2021-09-15 11:36:03;;2021-08-31 09:04:50;180.000,00 CLP;;;;
#VALUE!;;;;;;;2021-09-24 12:46:14;;CLP;2021-08-31 09:13:31;2021-09-24 12:46:14;;2021-08-31 09:13:31;100.000,00 CLP;;;;
#VALUE!;;;;;;;2021-09-09 12:06:07;;CLP;2021-08-31 09:47:24;2021-09-09 12:06:07;;2021-08-31 09:47:23;100.000,00 CLP;;;;
A99999972;;;;;;;2021-09-24 12:11:11;;CLP;2021-08-31 09:52:19;2021-09-24 12:11:11;;2021-08-31 09:52:18;190.000,00 CLP;;;;
#VALUE!;;;;;;;2021-09-27 12:13:27;;CLP;2021-08-31 10:39:56;2021-09-27 12:13:27;;2021-08-31 10:39:55;140.000,00 CLP;;;;
#VALUE!;;;;;;;2021-09-24 13:17:53;;CLP;2021-08-31 10:56:54;2021-09-24 13:17:53;;2021-08-31 10:56:34;70.000,00 CLP;;;;
A100052441;;;;;;;2021-09-24 12:20:27;;CLP;2021-08-31 11:04:38;2021-09-24 12:20:27;;2021-08-31 11:04:38;90.000,00 CLP;;;;
#VALUE!;;;;;;;2022-02-04 12:04:59;;CLP;2021-08-31 11:17:41;2022-02-04 12:04:59;;2021-08-31 11:17:40;80.000,00 CLP;;;;
#VALUE!;;;;;;;2021-09-16 11:09:41;;CLP;2021-08-31 14:12:47;2021-09-16 11:09:41;;2021-08-31 10:11:01;70.000,00 CLP;;;;
#VALUE!;;;;;;;2021-09-08 12:57:44;;CLP;2021-08-31 14:15:36;2021-09-08 12:57:44;;2021-08-31 14:15:35;95.000,00 CLP;;;;
#VALUE!;;;;;;;2021-09-27 12:34:24;;CLP;2021-08-31 14:17:58;2021-09-27 12:34:24;;2021-08-31 14:17:58;192.500,00 CLP;;;;
#VALUE!;;;;;;;2021-10-13 12:39:22;;CLP;2021-08-31 14:22:14;2021-10-13 12:39:22;;2021-08-31 14:22:13;65.000,00 CLP;;;;
#VALUE!;;;;;;;2021-09-27 12:04:47;;CLP;2021-08-31 14:25:55;2021-09-27 12:04:47;;2021-08-31 14:25:54;65.000,00 CLP;;;;
#VALUE!;;;;;;;2021-10-13 12:39:14;;CLP;2021-08-31 14:32:32;2021-10-13 12:39:14;;2021-08-06 14:54:17;62.500,00 CLP;;;;
#VALUE!;;;;;;;2021-09-24 13:19:18;;CLP;2021-09-01 09:34:01;2021-09-24 13:19:18;;2021-09-01 09:34:01;90.000,00 CLP;;;;
#VALUE!;;;;;;;2021-09-09 10:53:35;;CLP;2021-09-01 10:04:34;2021-09-09 10:53:35;;2021-09-01 10:04:32;180.000,00 CLP;;;;
#VALUE!;;;;;;;2021-09-24 13:05:37;;CLP;2021-09-01 10:39:46;2021-09-24 13:05:37;;2021-09-01 10:39:45;80.000,00 CLP;;;;
#VALUE!;;;;;;;2021-09-09 12:30:15;;CLP;2021-09-01 11:42:47;2021-09-09 12:30:15;;2021-09-01 11:42:43;70.000,00 CLP;;;;
#VALUE!;;;;;;;2021-09-24 12:05:24;;CLP;2021-09-01 11:45:05;2021-09-24 12:05:24;;2021-09-01 11:45:04;280.000,00 CLP;;;;
#VALUE!;;;;;;;2021-09-09 11:57:54;;CLP;2021-09-01 11:47:12;2021-09-09 11:57:54;;2021-09-01 11:47:11;90.000,00 CLP;;;;
A99844018;;;;;;;2021-09-24 12:05:59;;CLP;2021-09-01 11:49:39;2021-09-24 12:05:59;;2021-09-01 11:49:39;165.000,00 CLP;;;;
#VALUE!;;;;;;;2021-09-16 11:12:35;;CLP;2021-09-01 11:50:56;2021-09-16 11:12:35;;2021-09-01 11:50:55;160.000,00 CLP;;;;
#VALUE!;;;;;;;2021-09-09 12:15:30;;CLP;2021-09-01 11:51:56;2021-09-09 12:15:30;;2021-09-01 11:51:55;75.000,00 CLP;;;;
#VALUE!;;;;;;;2021-09-09 10:22:44;;CLP;2021-09-02 09:39:30;2021-09-09 10:22:44;;2021-09-02 09:39:29;60.000,00 CLP;;;;
#VALUE!;;;;;;;2022-05-30 13:51:05;;CLP;2021-09-02 09:45:01;2022-05-30 13:51:05;;2021-09-02 09:45:00;310.000,00 CLP;;;;
#VALUE!;;;;;;;2021-09-09 12:26:47;;CLP;2021-09-02 11:26:08;2021-09-09 12:26:47;;2021-09-02 11:26:08;70.000,00 CLP;;;;
#VALUE!;;;;;;;2021-09-09 10:29:15;;CLP;2021-09-02 11:34:34;2021-09-09 10:29:15;;2021-09-02 11:34:34;70.000,00 CLP;;;;
#VALUE!;;;;;;;2021-09-09 10:33:31;;CLP;2021-09-02 12:14:22;2021-09-09 10:33:31;;2021-09-02 12:14:22;190.000,00 CLP;;;;
#VALUE!;;;;;;;2021-09-24 12:11:43;;CLP;2021-09-02 13:27:52;2021-09-24 12:11:43;;2021-09-02 13:27:51;80.000,00 CLP;;;;
#VALUE!;;;;;;;2021-09-02 13:29:05;;CLP;2021-09-02 13:28:51;2021-09-02 13:29:05;;2021-09-02 13:28:50;20.000,00 CLP;;;;
#VALUE!;;;;;;;2021-09-27 12:16:52;;CLP;2021-09-03 09:35:33;2021-09-27 12:16:52;;2021-09-03 09:35:33;90.000,00 CLP;;;;
#VALUE!;;;;;;;2021-09-24 12:13:42;;CLP;2021-09-03 09:44:15;2021-09-24 12:13:42;;2021-09-03 09:44:15;90.000,00 CLP;;;;
#VALUE!;;;;;;;2022-05-30 13:51:01;;CLP;2021-09-03 11:02:26;2022-05-30 13:51:01;;2021-09-03 11:02:25;135.000,00 CLP;;;;
#VALUE!;;;;;;;2021-09-24 12:12:37;;CLP;2021-09-03 11:45:21;2021-09-24 12:12:37;;2021-09-03 11:45:20;220.000,00 CLP;;;;
#VALUE!;;;;;;;2021-09-27 12:13:18;;CLP;2021-09-03 12:07:48;2021-09-27 12:13:18;;2021-09-03 12:07:48;90.000,00 CLP;;;;
#VALUE!;;;;;;;2021-09-27 12:14:40;;CLP;2021-09-03 12:10:12;2021-09-27 12:14:40;;2021-09-03 12:10:12;90.000,00 CLP;;;;
#VALUE!;;;;;;;2021-09-27 12:29:48;;CLP;2021-09-03 12:25:14;2021-09-27 12:29:48;;2021-08-03 21:34:01;0,00 CLP;;;;
#VALUE!;;;;;;;2021-09-24 12:29:05;;CLP;2021-09-08 11:52:38;2021-09-24 12:29:05;;2021-09-08 11:52:38;180.000,00 CLP;;;;
A100765518;;;;;;;2021-09-24 12:06:34;;CLP;2021-09-08 12:52:40;2021-09-24 12:06:34;;2021-09-06 11:18:05;380.000,00 CLP;;;;
#VALUE!;;;;;;;2021-09-24 12:13:55;;CLP;2021-09-08 12:54:40;2021-09-24 12:13:55;;2021-09-06 11:40:07;70.000,00 CLP;;;;
#VALUE!;;;;;;;2021-09-27 11:39:32;;CLP;2021-09-08 12:56:31;2021-09-27 11:39:32;;2021-09-08 12:56:31;80.000,00 CLP;;;;
#VALUE!;;;;;;;2022-05-30 13:49:31;;CLP;2021-09-08 12:58:13;2022-05-30 13:49:31;;2021-08-31 14:15:35;25.000,00 CLP;;;;
#VALUE!;;;;;;;2021-09-24 13:14:26;;CLP;2021-09-09 12:07:45;2021-09-24 13:14:26;;2021-09-01 11:47:11;0,00 CLP;;;;
#VALUE!;;;;;;;2021-09-20 10:12:07;;CLP;2021-09-09 13:46:58;2021-09-20 10:12:07;;2021-09-09 13:46:56;189.000,00 CLP;;;;
#VALUE!;;;;;;;2022-01-19 13:17:37;;CLP;2021-09-09 17:07:55;2022-01-19 13:17:37;;2021-09-09 17:07:44;84.000,00 CLP;;;;
#VALUE!;;;;;;;2021-09-27 12:07:41;;CLP;2021-09-10 11:52:31;2021-09-27 12:07:41;;2021-08-25 17:23:10;12.500,00 CLP;;;;
#VALUE!;;;;;;;2021-09-27 11:58:05;;CLP;2021-09-10 11:53:18;2021-09-27 11:58:05;;2021-09-10 11:53:18;55.000,00 CLP;;;;
#VALUE!;;;;;;;2021-09-27 11:58:23;;CLP;2021-09-10 11:54:34;2021-09-27 11:58:23;;2021-09-10 11:54:33;70.000,00 CLP;;;;
#VALUE!;;;;;;;2022-05-30 13:49:39;;CLP;2021-09-13 16:06:17;2022-05-30 13:49:39;;2021-09-13 16:05:58;140.000,00 CLP;;;;
#VALUE!;;;;;;;2021-09-24 12:17:27;;CLP;2021-09-16 12:55:32;2021-09-24 12:17:27;;2021-09-16 12:55:30;90.000,00 CLP;;;;
#VALUE!;;;;;;;2021-09-24 12:16:17;;CLP;2021-09-21 10:32:00;2021-09-24 12:16:17;;2021-09-21 10:31:59;80.000,00 CLP;;;;
#VALUE!;;;;;;;2022-05-30 13:51:36;;CLP;2021-09-24 20:35:12;2022-05-30 13:51:36;;2021-09-24 20:35:11;0,00 CLP;;;;
#VALUE!;;;;;;;2022-05-30 13:52:10;;CLP;2021-09-24 20:37:32;2022-05-30 13:52:10;;2021-09-24 20:35:11;0,00 CLP;;;;
#VALUE!;;;;;;;2021-10-27 12:43:32;;CLP;2021-09-26 13:34:07;2021-10-27 12:43:32;;2021-09-26 13:34:07;200.000,00 CLP;;;;
#VALUE!;;;;;;;;;CLP;2021-09-26 17:27:03;;;;0,00 CLP;;;;
#VALUE!;;;;;;;2022-05-30 13:51:59;;CLP;2021-09-26 18:19:55;2022-05-30 13:51:59;;2021-09-24 20:35:11;0,00 CLP;;;;
#VALUE!;;;;;;;2021-10-13 12:38:53;;CLP;2021-09-27 11:31:03;2021-10-13 12:38:53;;2021-09-27 11:31:03;90.000,00 CLP;;;;
#VALUE!;;;;;;;2021-10-25 13:13:12;;CLP;2021-09-27 11:40:42;2021-10-25 13:13:12;;2021-09-27 11:40:42;35.000,00 CLP;;;;
#VALUE!;;;;;;;;;CLP;2021-09-27 12:36:10;;;2021-09-24 20:35:11;0,00 CLP;;;;
#VALUE!;;;;;;;2021-10-25 13:13:46;;CLP;2021-09-27 12:40:34;2021-10-25 13:13:46;;2021-09-27 12:40:27;42.000,00 CLP;;;;
#VALUE!;;;;;;;;;CLP;2021-09-27 12:49:08;;;2021-09-24 20:35:11;0,00 CLP;;;;
#VALUE!;;;;;;;2021-10-01 10:42:35;;CLP;2021-09-27 12:56:37;2021-10-01 10:42:35;;2021-09-27 12:56:37;0,00 CLP;;;;
#VALUE!;;;;;;;;;CLP;2021-09-27 13:10:18;;;2021-09-24 20:35:11;0,00 CLP;;;;
#VALUE!;;;;;;;2021-10-27 13:30:00;;CLP;2021-09-27 13:25:25;2021-10-27 13:30:00;;2021-09-24 20:35:11;0,00 CLP;;;;
#VALUE!;;;;;;;2021-10-01 10:42:05;;CLP;2021-09-27 13:33:21;2021-10-01 10:42:05;;2021-09-24 20:35:11;0,00 CLP;;;;
#VALUE!;;;;;;;2021-10-25 13:06:34;;CLP;2021-09-29 00:46:36;2021-10-25 13:06:34;;2021-08-06 14:54:17;0,00 CLP;;;;
#VALUE!;;;;;;;2022-01-19 13:35:34;;CLP;2021-10-07 14:43:37;2022-01-19 13:35:34;;;0,00 CLP;;;;
#VALUE!;;;;;;;2021-10-14 16:46:50;;CLP;2021-10-14 10:45:17;2021-10-14 16:46:50;;2021-10-14 10:45:14;50.000,00 CLP;;;;
#VALUE!;;;;;;;2021-10-14 16:44:59;;CLP;2021-10-14 10:53:44;2021-10-14 16:44:59;;2021-10-14 10:53:44;289.000,00 CLP;;;;
#VALUE!;;;;;;;2021-11-24 14:24:39;;CLP;2021-10-18 12:52:32;2021-11-24 14:24:39;;2021-09-24 20:35:11;0,00 CLP;;;;
#VALUE!;;;;;;;2021-10-25 11:44:06;;CLP;2021-10-18 13:05:52;2021-10-25 11:44:06;;2021-09-24 20:35:11;0,00 CLP;;;;
#VALUE!;;;;;;;2022-05-30 13:52:23;;CLP;2021-10-19 18:45:47;2022-05-30 13:52:23;;2021-09-24 20:35:11;0,00 CLP;;;;
#VALUE!;;;;;;;2021-10-25 00:00:00;;CLP;2021-10-20 21:53:38;2021-10-25 00:00:00;;2021-10-20 21:53:32;76.000,00 CLP;;;;
#VALUE!;;;;;;;2022-05-30 13:50:15;;CLP;2021-10-25 13:04:40;2022-05-30 13:50:15;;2021-09-03 09:44:15;0,00 CLP;;;;
#VALUE!;;;;;;;2022-01-26 11:49:48;;CLP;2021-11-03 16:06:31;2022-01-26 11:49:48;;2021-11-03 16:05:46;95.000,00 CLP;;;;
#VALUE!;;;;;;;2022-05-30 13:50:52;;CLP;2021-11-13 12:09:19;2022-05-30 13:50:52;;2021-11-13 12:09:18;190.000,00 CLP;;;;
#VALUE!;;;;;;;2022-05-30 13:50:40;;CLP;2021-11-13 12:21:01;2022-05-30 13:50:40;;2021-11-13 12:21:00;75.000,00 CLP;;;;
#VALUE!;;;;;;;2022-01-31 09:59:32;;CLP;2021-11-17 10:34:51;2022-01-31 09:59:32;;2021-11-17 10:34:29;136.000,00 CLP;;;;
#VALUE!;;;;;;;2021-12-22 12:00:00;;CLP;2021-12-02 10:16:55;2021-12-22 12:00:00;;2021-09-24 20:35:11;40.000,00 CLP;;;;
#VALUE!;;;;;;;2021-12-22 12:01:28;;CLP;2021-12-02 10:17:52;2021-12-22 12:01:28;;2021-12-02 10:17:51;60.000,00 CLP;;;;
#VALUE!;;;;;;;2022-01-06 11:40:06;;CLP;2021-12-02 10:18:41;2022-01-06 11:40:06;;2021-12-02 10:18:41;60.000,00 CLP;;;;
#VALUE!;;;;;;;2021-12-14 13:14:58;;CLP;2021-12-02 10:19:20;2021-12-14 13:14:58;;2021-12-02 10:19:20;190.000,00 CLP;;;;
#VALUE!;;;;;;;2022-01-12 12:19:08;;CLP;2021-12-02 10:19:49;2022-01-12 12:19:08;;2021-12-02 10:19:48;30.000,00 CLP;;;;
#VALUE!;;;;;;;2021-12-07 11:15:02;;CLP;2021-12-02 10:20:28;2021-12-07 11:15:02;;2021-12-02 10:20:27;40.000,00 CLP;;;;
#VALUE!;;;;;;;2022-01-26 14:03:15;;CLP;2021-12-02 10:20:54;2022-01-26 14:03:15;;2021-12-02 10:20:53;70.000,00 CLP;;;;
#VALUE!;;;;;;;2022-01-03 13:35:26;;CLP;2021-12-02 10:23:25;2022-01-03 13:35:26;;2021-12-02 10:23:25;120.000,00 CLP;;;;
#VALUE!;;;;;;;2021-12-22 12:02:46;;CLP;2021-12-02 10:23:54;2021-12-22 12:02:46;;2021-12-02 10:23:54;80.000,00 CLP;;;;
#VALUE!;;;;;;;2021-12-14 10:09:11;;CLP;2021-12-02 10:24:24;2021-12-14 10:09:11;;2021-12-02 10:24:24;70.000,00 CLP;;;;
#VALUE!;;;;;;;2021-12-03 12:56:58;;CLP;2021-12-02 10:24:51;2021-12-03 12:56:58;;2021-12-02 10:24:51;90.000,00 CLP;;;;
#VALUE!;;;;;;;2021-12-10 18:21:48;;CLP;2021-12-02 10:26:12;2021-12-10 18:21:48;;2021-09-24 20:35:11;50.000,00 CLP;;;;
#VALUE!;;;;;;;2021-12-07 11:09:17;;CLP;2021-12-02 10:26:43;2021-12-07 11:09:17;;2021-12-02 10:26:43;60.000,00 CLP;;;;
#VALUE!;;;;;;;2021-12-22 12:04:00;;CLP;2021-12-02 10:27:10;2021-12-22 12:04:00;;2021-12-02 10:27:09;150.000,00 CLP;;;;
#VALUE!;;;;;;;2021-12-22 12:05:05;;CLP;2021-12-02 10:27:34;2021-12-22 12:05:05;;2021-12-02 10:27:33;40.000,00 CLP;;;;
#VALUE!;;;;;;;2021-12-07 11:09:03;;CLP;2021-12-02 10:27:58;2021-12-07 11:09:03;;2021-12-02 10:27:58;120.000,00 CLP;;;;
#VALUE!;;;;;;;;;CLP;2021-12-02 10:28:27;;;2021-12-02 10:28:26;100.000,00 CLP;;;;
#VALUE!;;;;;;;2021-12-10 18:21:42;;CLP;2021-12-02 10:28:52;2021-12-10 18:21:42;;2021-12-02 10:28:52;90.000,00 CLP;;;;
A101066274;;;;;;;;;CLP;2021-12-02 10:29:21;;;2021-12-02 10:29:20;130.000,00 CLP;;;;
#VALUE!;;;;;;;2021-12-14 15:45:34;;CLP;2021-12-02 10:29:40;2021-12-14 15:45:34;;2021-12-02 10:17:51;70.000,00 CLP;;;;
#VALUE!;;;;;;;2021-12-22 12:02:29;;CLP;2021-12-02 10:30:12;2021-12-22 12:02:29;;2021-12-02 10:23:54;70.000,00 CLP;;;;
#VALUE!;;;;;;;2021-12-22 12:45:06;;CLP;2021-12-02 13:20:47;2021-12-22 12:45:06;;2021-12-02 13:20:47;0,00 CLP;;;;
A99999972;;;;;;;2021-12-22 13:09:25;;CLP;2021-12-02 14:14:24;2021-12-22 13:09:25;;2021-08-31 09:52:18;180.000,00 CLP;;;;
A99999972;;;;;;;2021-12-02 14:18:25;;CLP;2021-12-02 14:14:51;2021-12-02 14:18:25;;2021-08-31 09:52:18;50.000,00 CLP;;;;
#VALUE!;;;;;;;2022-01-03 13:28:46;;CLP;2021-12-07 12:10:26;2022-01-03 13:28:46;;2021-12-07 12:10:26;100.000,00 CLP;;;;
#VALUE!;;;;;;;2021-12-15 12:28:45;;CLP;2021-12-07 12:11:17;2021-12-15 12:28:45;;2021-12-07 12:11:16;180.000,00 CLP;;;;
#VALUE!;;;;;;;2022-01-03 13:41:25;;CLP;2021-12-07 12:11:49;2022-01-03 13:41:25;;2021-12-07 12:11:48;55.000,00 CLP;;;;
#VALUE!;;;;;;;2021-12-22 12:06:21;;CLP;2021-12-07 12:12:23;2021-12-22 12:06:21;;2021-12-07 12:12:23;220.000,00 CLP;;;;
#VALUE!;;;;;;;2021-12-14 12:50:51;;CLP;2021-12-07 12:13:01;2021-12-14 12:50:51;;2021-12-07 12:13:01;70.000,00 CLP;;;;
#VALUE!;;;;;;;2021-12-22 12:06:48;;CLP;2021-12-07 12:13:19;2021-12-22 12:06:48;;2021-12-07 12:13:01;75.000,00 CLP;;;;
#VALUE!;;;;;;;2022-02-04 17:19:39;;CLP;2021-12-07 12:13:50;2022-02-04 17:19:39;;2021-12-07 12:13:50;30.000,00 CLP;;;;
#VALUE!;;;;;;;2021-12-15 13:59:10;;CLP;2021-12-07 12:14:24;2021-12-15 13:59:10;;2021-12-07 12:14:23;100.000,00 CLP;;;;
#VALUE!;;;;;;;2021-12-22 13:38:04;;CLP;2021-12-07 12:14:50;2021-12-22 13:38:04;;2021-12-07 12:14:50;70.000,00 CLP;;;;
A99936876;;;;;;;2022-01-03 13:12:18;;CLP;2021-12-07 12:15:19;2022-01-03 13:12:18;;2021-12-07 12:15:18;220.000,00 CLP;;;;
#VALUE!;;;;;;;2022-01-28 11:07:34;;CLP;2021-12-07 12:15:57;2022-01-28 11:07:34;;2021-12-07 12:15:56;140.000,00 CLP;;;;
#VALUE!;;;;;;;;;CLP;2021-12-07 12:16:28;;;2021-12-07 12:16:27;150.000,00 CLP;;;;
#VALUE!;;;;;;;2022-01-18 10:40:48;;CLP;2021-12-07 12:16:59;2022-01-18 10:40:48;;2021-12-07 12:16:57;140.000,00 CLP;;;;
#VALUE!;;;;;;;2022-01-03 13:27:40;;CLP;2021-12-07 12:30:34;2022-01-03 13:27:40;;2021-12-07 12:30:34;32.000,00 CLP;;;;
#VALUE!;;;;;;;2021-12-14 13:59:21;;CLP;2021-12-07 12:33:07;2021-12-14 13:59:21;;2021-12-07 12:33:06;180.000,00 CLP;;;;
#VALUE!;;;;;;;2022-01-03 13:26:50;;CLP;2021-12-07 12:34:09;2022-01-03 13:26:50;;2021-12-07 12:34:08;60.000,00 CLP;;;;
#VALUE!;;;;;;;2022-01-03 13:26:46;;CLP;2021-12-07 12:35:08;2022-01-03 13:26:46;;2021-12-07 12:34:08;70.000,00 CLP;;;;
#VALUE!;;;;;;;2022-01-03 13:35:13;;CLP;2021-12-07 12:35:59;2022-01-03 13:35:13;;2021-12-07 12:35:58;90.000,00 CLP;;;;
#VALUE!;;;;;;;2022-02-04 17:23:06;;CLP;2021-12-07 12:36:49;2022-02-04 17:23:06;;2021-12-07 12:36:48;95.000,00 CLP;;;;
#VALUE!;;;;;;;;;CLP;2021-12-07 12:37:13;;;2021-12-07 12:36:48;65.000,00 CLP;;;;
#VALUE!;;;;;;;2021-12-14 12:04:18;;CLP;2021-12-07 12:38:00;2021-12-14 12:04:18;;2021-12-07 12:38:00;90.000,00 CLP;;;;
#VALUE!;;;;;;;2022-01-03 13:40:27;;CLP;2021-12-07 12:38:41;2022-01-03 13:40:27;;2021-12-07 12:38:40;100.000,00 CLP;;;;
#VALUE!;;;;;;;2022-01-03 13:26:16;;CLP;2021-12-07 12:40:03;2022-01-03 13:26:16;;2021-12-07 12:40:03;60.000,00 CLP;;;;
#VALUE!;;;;;;;2021-12-22 12:17:51;;CLP;2021-12-07 12:40:30;2021-12-22 12:17:51;;2021-12-07 12:40:03;70.000,00 CLP;;;;
#VALUE!;;;;;;;2022-01-03 13:40:08;;CLP;2021-12-07 12:41:21;2022-01-03 13:40:08;;2021-12-07 12:41:21;70.000,00 CLP;;;;
#VALUE!;;;;;;;2021-12-22 12:27:00;;CLP;2021-12-07 12:42:11;2021-12-22 12:27:00;;2021-12-07 12:42:10;67.500,00 CLP;;;;
#VALUE!;;;;;;;2021-12-22 12:26:51;;CLP;2021-12-07 12:42:34;2021-12-22 12:26:51;;2021-12-07 12:42:10;62.500,00 CLP;;;;
#VALUE!;;;;;;;;;CLP;2021-12-07 12:43:15;;;2021-12-07 12:43:15;45.000,00 CLP;;;;
#VALUE!;;;;;;;2022-01-03 13:39:23;;CLP;2021-12-07 12:44:03;2022-01-03 13:39:23;;2021-12-07 12:44:02;65.000,00 CLP;;;;
#VALUE!;;;;;;;2021-12-22 12:18:23;;CLP;2021-12-07 12:45:08;2021-12-22 12:18:23;;2021-12-07 12:45:08;35.000,00 CLP;;;;
#VALUE!;;;;;;;2021-12-22 12:18:16;;CLP;2021-12-07 12:45:32;2021-12-22 12:18:16;;2021-12-07 12:45:08;90.000,00 CLP;;;;
#VALUE!;;;;;;;2021-12-22 13:40:53;;CLP;2021-12-07 12:46:18;2021-12-22 13:40:53;;2021-12-07 12:46:18;30.000,00 CLP;;;;
#VALUE!;;;;;;;2022-01-03 13:22:19;;CLP;2021-12-07 12:59:19;2022-01-03 13:22:19;;2021-12-07 12:59:18;70.000,00 CLP;;;;
#VALUE!;;;;;;;;;CLP;2021-12-07 13:01:56;;;2021-12-07 13:01:55;90.000,00 CLP;;;;
#VALUE!;;;;;;;2021-12-15 11:10:10;;CLP;2021-12-07 13:03:37;2021-12-15 11:10:10;;2021-12-07 13:03:37;30.000,00 CLP;;;;
#VALUE!;;;;;;;2021-12-22 13:42:29;;CLP;2021-12-07 13:04:12;2021-12-22 13:42:29;;2021-12-07 13:04:12;150.000,00 CLP;;;;
#VALUE!;;;;;;;2021-12-22 13:42:24;;CLP;2021-12-07 13:04:41;2021-12-22 13:42:24;;2021-12-07 13:04:12;110.000,00 CLP;;;;
#VALUE!;;;;;;;2021-12-22 12:30:01;;CLP;2021-12-07 13:05:16;2021-12-22 12:30:01;;2021-12-07 13:05:15;50.000,00 CLP;;;;
#VALUE!;;;;;;;2021-12-22 12:27:12;;CLP;2021-12-07 13:05:51;2021-12-22 12:27:12;;2021-12-07 13:05:51;40.000,00 CLP;;;;
#VALUE!;;;;;;;2021-12-14 12:51:24;;CLP;2021-12-07 13:06:32;2021-12-14 12:51:24;;2021-12-07 12:13:01;75.000,00 CLP;;;;
A100602831;;;;;;;2021-12-17 18:16:15;;CLP;2021-12-09 10:11:57;2021-12-17 18:16:15;;2021-12-09 10:36:52;60.000,00 CLP;;;;
#VALUE!;;;;;;;2022-05-30 14:08:30;;CLP;2021-12-09 10:13:34;2022-05-30 14:08:30;;2021-12-09 10:13:34;100.000,00 CLP;;;;
#VALUE!;;;;;;;2021-12-14 12:03:51;;CLP;2021-12-09 10:14:25;2021-12-14 12:03:51;;2021-09-24 20:35:11;45.000,00 CLP;;;;
#VALUE!;;;;;;;2021-12-14 12:03:46;;CLP;2021-12-09 10:15:15;2021-12-14 12:03:46;;2021-09-24 20:35:11;32.500,00 CLP;;;;
#VALUE!;;;;;;;2022-05-30 14:08:15;;CLP;2021-12-09 10:15:48;2022-05-30 14:08:15;;2021-09-24 20:35:11;50.000,00 CLP;;;;
#VALUE!;;;;;;;2022-05-30 14:08:36;;CLP;2021-12-09 10:18:32;2022-05-30 14:08:36;;2021-12-09 10:18:32;50.000,00 CLP;;;;
#VALUE!;;;;;;;2021-12-14 12:03:39;;CLP;2021-12-09 10:19:13;2021-12-14 12:03:39;;2021-12-09 10:19:13;40.000,00 CLP;;;;
#VALUE!;;;;;;;2021-12-14 12:03:35;;CLP;2021-12-09 10:19:54;2021-12-14 12:03:35;;2021-12-09 10:19:53;80.000,00 CLP;;;;
#VALUE!;;;;;;;2021-12-14 12:03:30;;CLP;2021-12-09 10:20:35;2021-12-14 12:03:30;;2021-12-09 10:20:34;70.000,00 CLP;;;;
#VALUE!;;;;;;;2021-12-17 18:10:59;;CLP;2021-12-09 10:21:18;2021-12-17 18:10:59;;2021-12-09 10:21:17;160.000,00 CLP;;;;
#VALUE!;;;;;;;2021-12-14 12:03:25;;CLP;2021-12-09 10:22:09;2021-12-14 12:03:25;;2021-12-09 10:22:08;60.000,00 CLP;;;;
#VALUE!;;;;;;;2021-12-14 12:03:20;;CLP;2021-12-09 10:22:59;2021-12-14 12:03:20;;2021-12-09 10:22:59;85.000,00 CLP;;;;
#VALUE!;;;;;;;2021-12-14 12:03:12;;CLP;2021-12-09 10:23:29;2021-12-14 12:03:12;;2021-12-09 10:23:28;40.000,00 CLP;;;;
#VALUE!;;;;;;;2021-12-14 12:03:08;;CLP;2021-12-09 10:31:03;2021-12-14 12:03:08;;2021-12-09 10:31:02;40.000,00 CLP;;;;
#VALUE!;;;;;;;2021-12-14 12:02:57;;CLP;2021-12-09 10:31:35;2021-12-14 12:02:57;;2021-12-09 10:31:34;68.000,00 CLP;;;;
#VALUE!;;;;;;;2021-12-14 12:03:03;;CLP;2021-12-09 10:32:34;2021-12-14 12:03:03;;2021-12-09 10:32:33;50.000,00 CLP;;;;
#VALUE!;;;;;;;2021-12-14 12:02:50;;CLP;2021-12-09 10:33:15;2021-12-14 12:02:50;;2021-12-09 10:33:14;55.000,00 CLP;;;;
#VALUE!;;;;;;;2021-12-14 12:02:45;;CLP;2021-12-09 10:34:11;2021-12-14 12:02:45;;2021-12-09 10:34:11;50.000,00 CLP;;;;
#VALUE!;;;;;;;2022-01-28 11:13:31;;CLP;2021-12-09 10:34:53;2022-01-28 11:13:31;;2021-12-09 10:34:51;120.000,00 CLP;;;;
#VALUE!;;;;;;;2022-05-30 14:08:26;;CLP;2021-12-09 10:36:20;2022-05-30 14:08:26;;2021-12-09 10:36:20;76.000,00 CLP;;;;
A100602831;;;;;;;2021-12-17 18:16:21;;CLP;2021-12-09 10:36:53;2021-12-17 18:16:21;;2021-12-09 10:36:52;50.000,00 CLP;;;;
#VALUE!;;;;;;;2021-12-14 12:02:40;;CLP;2021-12-09 10:37:26;2021-12-14 12:02:40;;2021-09-24 20:35:11;45.000,00 CLP;;;;
#VALUE!;;;;;;;2021-12-14 12:02:34;;CLP;2021-12-09 10:37:46;2021-12-14 12:02:34;;2021-09-24 20:35:11;32.500,00 CLP;;;;
#VALUE!;;;;;;;2022-05-30 14:08:21;;CLP;2021-12-09 10:38:07;2022-05-30 14:08:21;;2021-09-24 20:35:11;35.000,00 CLP;;;;
#VALUE!;;;;;;;2021-12-14 12:01:11;;CLP;2021-12-09 10:38:32;2021-12-14 12:01:11;;2021-12-09 10:23:28;44.000,00 CLP;;;;
#VALUE!;;;;;;;2022-01-07 12:01:26;;CLP;2021-12-14 09:48:29;2022-01-07 12:01:26;;2021-12-14 09:48:28;95.000,00 CLP;;;;
#VALUE!;;;;;;;2021-12-22 12:28:12;;CLP;2021-12-14 11:04:33;2021-12-22 12:28:12;;2021-12-14 11:04:32;38.750,00 CLP;;;;
#VALUE!;;;;;;;2021-12-22 12:28:07;;CLP;2021-12-14 11:05:18;2021-12-22 12:28:07;;2021-12-14 11:04:32;38.750,00 CLP;;;;
#VALUE!;;;;;;;2021-12-22 12:24:11;;CLP;2021-12-14 11:06:27;2021-12-22 12:24:11;;2021-12-14 11:06:27;70.000,00 CLP;;;;
#VALUE!;;;;;;;2022-01-03 13:20:55;;CLP;2021-12-14 11:08:28;2022-01-03 13:20:55;;2021-12-14 11:08:28;90.000,00 CLP;;;;
#VALUE!;;;;;;;2021-12-22 12:20:38;;CLP;2021-12-14 11:09:06;2021-12-22 12:20:38;;2021-12-14 11:09:06;100.000,00 CLP;;;;
#VALUE!;;;;;;;2021-12-15 13:19:45;;CLP;2021-12-14 11:09:42;2021-12-15 13:19:45;;2021-12-14 11:09:41;90.000,00 CLP;;;;
#VALUE!;;;;;;;2022-01-03 13:32:38;;CLP;2021-12-14 11:10:13;2022-01-03 13:32:38;;2021-12-14 11:10:13;140.000,00 CLP;;;;
#VALUE!;;;;;;;;;CLP;2021-12-14 11:10:48;;;2021-12-14 11:10:47;60.000,00 CLP;;;;
#VALUE!;;;;;;;2022-01-12 11:56:48;;CLP;2021-12-14 11:11:28;2022-01-12 11:56:48;;2021-12-14 11:11:28;250.000,00 CLP;;;;
#VALUE!;;;;;;;2021-12-22 12:29:14;;CLP;2021-12-14 11:13:32;2021-12-22 12:29:14;;2021-12-14 11:13:31;80.000,00 CLP;;;;
#VALUE!;;;;;;;2022-01-03 13:12:33;;CLP;2021-12-14 11:14:20;2022-01-03 13:12:33;;2021-12-14 11:14:19;70.000,00 CLP;;;;
#VALUE!;;;;;;;2021-12-15 12:28:59;;CLP;2021-12-14 11:14:58;2021-12-15 12:28:59;;2021-12-14 11:14:58;30.000,00 CLP;;;;
#VALUE!;;;;;;;2021-12-22 12:18:44;;CLP;2021-12-14 11:15:36;2021-12-22 12:18:44;;2021-12-14 11:15:35;130.000,00 CLP;;;;
#VALUE!;;;;;;;2021-12-22 12:22:50;;CLP;2021-12-14 11:20:36;2021-12-22 12:22:50;;2021-12-14 11:20:35;110.000,00 CLP;;;;
#VALUE!;;;;;;;2021-12-22 12:22:46;;CLP;2021-12-14 11:20:56;2021-12-22 12:22:46;;2021-12-14 11:20:35;110.000,00 CLP;;;;
#VALUE!;;;;;;;2021-12-22 13:12:39;;CLP;2021-12-14 11:22:10;2021-12-22 13:12:39;;2021-12-14 11:22:10;40.000,00 CLP;;;;
#VALUE!;;;;;;;2022-01-03 18:14:10;;CLP;2021-12-14 11:28:41;2022-01-03 18:14:10;;2021-08-30 14:02:22;50.000,00 CLP;;;;
#VALUE!;;;;;;;2022-01-03 18:14:03;;CLP;2021-12-14 11:29:35;2022-01-03 18:14:03;;2021-08-30 14:02:22;60.000,00 CLP;;;;
#VALUE!;;;;;;;2022-01-03 18:13:39;;CLP;2021-12-14 11:30:14;2022-01-03 18:13:39;;2021-12-14 11:30:13;90.000,00 CLP;;;;
#VALUE!;;;;;;;2022-01-03 18:13:33;;CLP;2021-12-14 11:30:43;2022-01-03 18:13:33;;2021-12-14 11:30:13;50.000,00 CLP;;;;
#VALUE!;;;;;;;2021-12-22 12:25:58;;CLP;2021-12-14 11:31:44;2021-12-22 12:25:58;;2021-12-14 11:31:44;70.000,00 CLP;;;;
#VALUE!;;;;;;;2022-01-03 13:53:12;;CLP;2021-12-14 11:32:13;2022-01-03 13:53:12;;2021-12-14 11:32:13;40.000,00 CLP;;;;
#VALUE!;;;;;;;2022-01-03 13:53:05;;CLP;2021-12-14 11:32:43;2022-01-03 13:53:05;;2021-12-14 11:32:13;80.000,00 CLP;;;;
#VALUE!;;;;;;;2021-12-22 12:17:28;;CLP;2021-12-14 11:33:39;2021-12-22 12:17:28;;2021-12-14 11:33:37;70.000,00 CLP;;;;
#VALUE!;;;;;;;2021-12-22 12:26:16;;CLP;2021-12-14 11:34:15;2021-12-22 12:26:16;;2021-12-14 11:34:14;60.000,00 CLP;;;;
#VALUE!;;;;;;;2021-12-22 12:20:57;;CLP;2021-12-14 11:36:38;2021-12-22 12:20:57;;2021-12-14 11:36:37;70.000,00 CLP;;;;
A100344758;;;;;;;2021-12-22 12:24:58;;CLP;2021-12-14 11:37:34;2021-12-22 12:24:58;;2021-08-03 21:33:51;60.000,00 CLP;;;;
#VALUE!;;;;;;;2021-12-22 12:28:32;;CLP;2021-12-14 11:38:17;2021-12-22 12:28:32;;2021-12-14 11:38:17;70.000,00 CLP;;;;
#VALUE!;;;;;;;2021-12-22 12:29:43;;CLP;2021-12-14 11:42:31;2021-12-22 12:29:43;;2021-12-14 11:42:30;60.000,00 CLP;;;;
#VALUE!;;;;;;;2021-12-22 13:06:17;;CLP;2021-12-14 11:43:31;2021-12-22 13:06:17;;2021-12-14 11:43:30;90.000,00 CLP;;;;
#VALUE!;;;;;;;2022-01-03 13:52:05;;CLP;2021-12-14 11:44:45;2022-01-03 13:52:05;;2021-12-14 11:44:45;40.000,00 CLP;;;;
#VALUE!;;;;;;;2021-12-22 12:25:33;;CLP;2021-12-14 11:46:42;2021-12-22 12:25:33;;2021-12-14 11:46:41;80.000,00 CLP;;;;
A98528905;;;;;;;2021-12-22 12:24:34;;CLP;2021-12-14 11:47:17;2021-12-22 12:24:34;;2021-12-14 11:47:16;110.000,00 CLP;;;;
A98528905;;;;;;;2021-12-22 12:24:29;;CLP;2021-12-14 11:47:50;2021-12-22 12:24:29;;2021-12-14 11:47:16;60.000,00 CLP;;;;
A100820139;;;;;;;2022-01-03 13:51:45;;CLP;2021-12-14 11:48:27;2022-01-03 13:51:45;;2021-12-14 11:48:26;60.000,00 CLP;;;;
#VALUE!;;;;;;;;;CLP;2021-12-14 11:55:20;;;2021-12-14 11:55:20;130.000,00 CLP;;;;
#VALUE!;;;;;;;2021-12-22 12:23:08;;CLP;2021-12-14 11:56:47;2021-12-22 12:23:08;;2021-12-14 11:56:47;120.000,00 CLP;;;;
#VALUE!;;;;;;;2021-12-22 12:29:37;;CLP;2021-12-14 11:57:50;2021-12-22 12:29:37;;2021-12-14 11:42:30;60.000,00 CLP;;;;
#VALUE!;;;;;;;2022-01-03 13:32:29;;CLP;2021-12-15 10:31:20;2022-01-03 13:32:29;;2021-12-15 10:31:20;120.000,00 CLP;;;;
#VALUE!;;;;;;;2022-01-03 13:51:14;;CLP;2021-12-15 10:32:36;2022-01-03 13:51:14;;2021-12-15 10:32:35;50.000,00 CLP;;;;
#VALUE!;;;;;;;2021-12-22 16:15:58;;CLP;2021-12-15 10:33:27;2021-12-22 16:15:58;;2021-12-15 10:33:27;155.000,00 CLP;;;;
#VALUE!;;;;;;;2021-12-22 12:23:45;;CLP;2021-12-15 10:34:20;2021-12-22 12:23:45;;2021-12-15 10:34:20;71.000,00 CLP;;;;
#VALUE!;;;;;;;2021-12-22 12:23:40;;CLP;2021-12-15 10:34:51;2021-12-22 12:23:40;;2021-12-15 10:34:20;54.000,00 CLP;;;;
#VALUE!;;;;;;;;;CLP;2021-12-15 10:35:47;;;2021-12-15 10:35:47;90.000,00 CLP;;;;
#VALUE!;;;;;;;2022-01-03 13:49:56;;CLP;2021-12-15 10:36:15;2022-01-03 13:49:56;;2021-12-15 10:35:47;90.000,00 CLP;;;;
#VALUE!;;;;;;;2022-01-03 13:48:30;;CLP;2021-12-15 10:37:07;2022-01-03 13:48:30;;2021-12-15 10:37:07;70.000,00 CLP;;;;
#VALUE!;;;;;;;2022-01-03 13:48:12;;CLP;2021-12-15 10:37:53;2022-01-03 13:48:12;;2021-12-15 10:37:52;120.000,00 CLP;;;;
#VALUE!;;;;;;;2022-01-03 13:32:08;;CLP;2021-12-15 10:38:26;2022-01-03 13:32:08;;2021-12-15 10:38:26;110.000,00 CLP;;;;
A101106348;;;;;;;2022-01-03 13:47:46;;CLP;2021-12-15 10:39:01;2022-01-03 13:47:46;;2021-12-15 10:39:00;80.000,00 CLP;;;;
#VALUE!;;;;;;;2022-01-03 13:47:16;;CLP;2021-12-15 10:39:30;2022-01-03 13:47:16;;2021-12-15 10:39:30;130.000,00 CLP;;;;
#VALUE!;;;;;;;2022-01-03 13:10:05;;CLP;2021-12-15 10:40:09;2022-01-03 13:10:05;;2021-12-15 10:40:08;190.000,00 CLP;;;;
#VALUE!;;;;;;;2021-12-22 12:21:18;;CLP;2021-12-15 10:40:37;2021-12-22 12:21:18;;2021-12-15 10:40:37;30.000,00 CLP;;;;
#VALUE!;;;;;;;2021-12-22 14:56:40;;CLP;2021-12-15 10:41:03;2021-12-22 14:56:40;;2021-12-15 10:41:03;80.000,00 CLP;;;;
#VALUE!;;;;;;;2021-12-22 14:56:33;;CLP;2021-12-15 10:42:07;2021-12-22 14:56:33;;2021-12-15 10:41:03;70.000,00 CLP;;;;
#VALUE!;;;;;;;2022-01-03 13:46:47;;CLP;2021-12-15 10:42:40;2022-01-03 13:46:47;;2021-12-15 10:32:35;70.000,00 CLP;;;;
#VALUE!;;;;;;;2022-01-06 12:06:54;;CLP;2021-12-22 10:40:10;2022-01-06 12:06:54;;2021-12-22 10:36:25;50.000,00 CLP;;;;
#VALUE!;;;;;;;2022-01-12 11:56:59;;CLP;2021-12-27 12:26:13;2022-01-12 11:56:59;;2021-12-27 12:26:12;130.000,00 CLP;;;;
#VALUE!;;;;;;;2022-01-26 13:02:19;;CLP;2022-01-06 13:16:39;2022-01-26 13:02:19;;2022-01-06 13:16:38;110.000,00 CLP;;;;
#VALUE!;;;;;;;2022-01-14 14:30:25;;CLP;2022-01-06 13:24:47;2022-01-14 14:30:25;;2022-01-06 13:24:47;60.000,00 CLP;;;;
#VALUE!;;;;;;;2022-02-04 17:19:02;;CLP;2022-01-06 13:28:06;2022-02-04 17:19:02;;2022-01-06 13:28:06;120.000,00 CLP;;;;
#VALUE!;;;;;;;2022-01-07 15:18:16;;CLP;2022-01-06 13:32:36;2022-01-07 15:18:16;;2022-01-06 13:32:36;60.000,00 CLP;;;;
A99149752;;;;;;;2022-01-19 11:58:09;;CLP;2022-01-06 13:34:37;2022-01-19 11:58:09;;2021-08-03 21:33:54;250.000,00 CLP;;;;
#VALUE!;;;;;;;2022-01-31 09:59:45;;CLP;2022-01-12 18:17:14;2022-01-31 09:59:45;;2022-01-12 18:17:14;65.000,00 CLP;;;;
#VALUE!;;;;;;;2022-01-26 11:27:37;;CLP;2022-01-12 18:18:10;2022-01-26 11:27:37;;2022-01-12 18:18:09;0,00 CLP;;;;
#VALUE!;;;;;;;2022-01-28 11:09:50;;CLP;2022-01-17 10:05:19;2022-01-28 11:09:50;;2022-01-12 19:49:02;0,00 CLP;;;;
#VALUE!;;;;;;;2022-01-31 10:19:01;;CLP;2022-01-19 12:16:18;2022-01-31 10:19:01;;2022-01-19 12:16:17;120.000,00 CLP;;;;
#VALUE!;;;;;;;2022-01-19 13:21:57;;CLP;2022-01-19 13:21:06;2022-01-19 13:21:57;;2022-01-17 13:12:59;60.000,00 CLP;;;;
#VALUE!;;;;;;;2022-05-30 13:49:53;;CLP;2022-01-19 14:34:12;2022-05-30 13:49:53;;2022-01-19 14:34:11;110.000,00 CLP;;;;
#VALUE!;;;;;;;2022-01-19 17:09:33;;CLP;2022-01-19 17:09:24;2022-01-19 17:09:33;;2022-01-19 17:09:23;40.000,00 CLP;;;;
#VALUE!;;;;;;;2022-02-01 09:58:21;;CLP;2022-01-28 11:11:30;2022-02-01 09:58:21;;2022-01-28 11:11:29;0,00 CLP;;;;
#VALUE!;;;;;;;2022-02-04 11:03:20;;CLP;2022-01-31 10:01:37;2022-02-04 11:03:20;;2022-01-31 10:01:37;64.000,00 CLP;;;;
#VALUE!;;;;;;;2022-02-04 12:05:25;;CLP;2022-01-31 10:04:27;2022-02-04 12:05:25;;2022-01-12 18:17:14;0,00 CLP;;;;
#VALUE!;;;;;;;2022-05-30 13:52:17;;CLP;2022-01-31 15:37:18;2022-05-30 13:52:17;;2022-01-31 15:37:18;0,00 CLP;;;;
#VALUE!;;;;;;;2022-05-30 13:51:53;;CLP;2022-01-31 15:38:27;2022-05-30 13:51:53;;2022-01-31 15:38:26;0,00 CLP;;;;
A101032218;;;;;;;2022-06-15 11:31:56;;CLP;2022-06-06 16:04:11;2022-06-15 11:31:56;;2022-06-06 16:04:10;80.000,00 CLP;;;;
A101621447;;;;;;;2022-06-15 11:25:57;;CLP;2022-06-06 16:05:05;2022-06-15 11:25:57;;2022-06-06 16:05:05;0,00 CLP;;;;
#VALUE!;;;;;;;;;CLP;2022-06-08 19:44:21;;;2022-06-08 19:44:06;0,00 CLP;;;;
A102504167;2022-06-06;;;;;;2022-07-11 17:39:46;;CLP;2022-06-17 15:36:09;2022-07-11 17:39:46;;2022-06-17 15:36:08;83.300,00 CLP;;;;
A98893305;;;;;;;2022-08-01 09:02:27;;CLP;2022-07-20 11:44:56;2022-08-01 09:02:27;;2022-07-04 12:52:19;0,00 CLP;;;;
A99875698;;;;;;;2022-08-12 13:53:30;;CLP;2022-08-02 12:08:43;2022-08-12 13:53:30;;2022-07-05 07:34:08;0,00 CLP;;;;
A101857795;;;;;;;2022-08-12 13:53:10;;CLP;2022-08-11 13:24:27;2022-08-12 13:53:10;;2022-07-06 12:43:14;0,00 CLP;;;;
A100820139;;;;;;;2022-12-12 14:13:40;;CLP;2022-08-11 14:18:36;2022-12-12 14:13:40;;2021-12-14 11:48:26;0,00 CLP;;;;
#VALUE!;;;;;;;2023-02-01 13:14:44;;CLP;2022-08-22 13:10:23;2023-02-01 13:14:44;;2022-08-22 13:08:30;15.000,00 CLP;;;;
#VALUE!;;;;;;;;;CLP;2022-08-22 16:04:00;;;;0,00 CLP;;;;
#VALUE!;;;;;;;;;CLP;2022-08-22 16:09:16;;;;0,00 CLP;;;;
#VALUE!;;;;;;;;;CLP;2022-08-22 16:11:17;;;;0,00 CLP;;;;
#VALUE!;;;;;;;;;CLP;2022-08-22 16:13:34;;;;0,00 CLP;;;;
#VALUE!;;;;;;;;;CLP;2022-08-22 16:17:01;;;;0,00 CLP;;;;
#VALUE!;;;;;;;;;CLP;2022-08-22 16:33:50;;;;0,00 CLP;;;;
#VALUE!;;;;;;;;;CLP;2022-08-23 13:18:30;;;;0,00 CLP;;;;
#VALUE!;;;;;;;;;CLP;2022-08-25 17:22:46;;;2022-08-25 14:50:39;0,00 CLP;;;;
#VALUE!;2022-08-24;;;;;;2022-09-14 12:20:50;;CLP;2022-08-29 10:28:36;2022-09-14 12:20:50;;2022-08-29 10:28:35;0,00 CLP;;;;
A101967240;;;;;;;2022-09-14 12:20:58;;CLP;2022-09-01 15:55:45;2022-09-14 12:20:58;;2022-09-01 15:55:45;0,00 CLP;;;;
#VALUE!;2022-09-02;;;;6;DESCUENTO POR PLANILLA FENATS;2022-09-08 14:02:34;520;CLP;2022-09-02 11:15:30;2022-09-08 14:02:34;;;110.000,00 CLP;;;;
A99728816;2022-09-02;;;;3;DESCUENTO POR PLANILLA FENATS;2022-09-21 17:08:16;519;CLP;2022-09-02 11:22:15;2022-09-21 17:08:16;;2022-09-02 11:19:45;57.000,00 CLP;;;;
A99072867;2022-09-02;;;;6;DESCUENTO POR PLANILLA FENATS;2022-10-08 11:58:14;538;CLP;2022-09-02 11:26:33;2022-10-08 11:58:14;;2022-09-02 11:24:06;109.000,00 CLP;;;;
#VALUE!;;;;;;;2022-09-14 12:20:22;;CLP;2022-09-02 12:33:45;2022-09-14 12:20:22;;2022-09-02 12:33:45;0,00 CLP;;;;
#VALUE!;;;;;;;2022-09-30 14:18:27;;CLP;2022-09-10 16:09:46;2022-09-30 14:18:27;;2022-09-10 16:09:45;0,00 CLP;;;;
A103157137;;;;;;;2022-10-08 11:59:03;;CLP;2022-09-15 16:29:47;2022-10-08 11:59:03;;2022-09-15 16:29:46;0,00 CLP;;;;
#VALUE!;;;;;;;2022-10-08 11:57:34;;CLP;2022-09-21 12:18:22;2022-10-08 11:57:34;;2021-12-15 10:33:27;0,00 CLP;;;;
#VALUE!;;;;;;;2022-10-04 18:16:06;;CLP;2022-10-03 17:21:57;2022-10-04 18:16:06;;2022-10-03 17:21:56;0,00 CLP;;;;
A100470592;;;;;;;2022-10-29 14:42:57;561;CLP;2022-10-11 13:35:15;2022-10-29 14:42:57;;2022-10-11 13:35:14;0,00 CLP;;;;
A98422702;2022-10-24;;;;;;2023-01-11 17:49:15;;CLP;2022-10-24 14:40:43;2023-01-11 17:49:15;;2022-10-24 14:40:43;0,00 CLP;CERCA;;;
#VALUE!;2022-11-02;25000;;;;DEBITO/CREDITO;2023-01-11 17:49:10;;CLP;2022-11-02 13:37:50;2023-01-11 17:49:10;;2022-11-02 13:37:50;40.500,00 CLP;;;;
#VALUE!;2022-07-19;41250;;;;DEBITO/CREDITO;2022-11-10 13:11:41;;CLP;2022-11-03 16:29:54;2022-11-10 13:11:41;;2022-11-03 16:29:54;101.250,00 CLP;;;;
#VALUE!;;;;;;;2023-01-20 14:26:53;;CLP;2022-12-15 12:34:45;2023-01-20 14:26:53;;2022-12-15 12:34:45;0,00 CLP;;;;
A100137565;2023-01-04;5000;;;;EFECTIVO;2023-01-11 17:48:16;;CLP;2023-01-04 14:17:54;2023-01-11 17:48:16;;2023-01-04 14:04:55;35.000,00 CLP;;;;
